id,text,location
1,]-wa VIR 1 MUL 2 'ko-wa 1'ko-wo 1,Knossos
2,"pe-re-ko VIR 1 MUL 1 ko-wa 2 , ko-wo 1",Knossos
3,]to-ro-wo VIR 1,Knossos
4,e-ri-*19 VIR 1 ko-wo 1,Knossos
5,ke-re-u VIR 1 MUL 1 [,Knossos
6,qe-ri-jo VIRc 1 MUL 1 ko-wa [,Knossos
7,".a pe-se-ro-jo , e-e-si
.b MUL 1 ko-wa 1 ko-wo 1Confirmed with Chadwick & Ventris 1973",Knossos
8,"The , in .a is above the ko in ko-wa in .b
Scribe 124b",Knossos
9," pa-ro , u-wa-si-jo , ko-wo [",Knossos
10, ] ko-wa 1 di ko-wa 1,Knossos
11, ] MUL 3 ko-wa 1 ko-wo 2 [,Knossos
12, ] (MUL) 1 ko-wo 1 [,Knossos
13,".A ] ko-wa 6
.B ]-ja MUL (5) ko-wo 2",Knossos
14, ]-ta-ra2 MUL 1,Knossos
15,"ra-su-to , 'a-ke-ti-ri-ja'MUL 2ko-wa 1 ko-wo 1",Knossos
16,ra-su-to a-ke-ti-ri-ja MUL 2ko-wa 1 ko-wo 1,Knossos
17, ] ko-wo 2 GRA 1 T 2 [,Knossos
18, ]re-ja MUL (3) ko-wa 1 ko-wo 1 GRA (T) [,Knossos
19, ] MUL 3 ko-wa 2 ko-wo 2,Knossos
20," ]ra-ma-na , / e-ne-ra MUL [",Knossos
21," a-pi-qo-i-ta / do-e-ra MUL 32 ko-wa , me-zo-e 5 ko-wa me-wi-jo-e 15ko-wo me-wi-jo-e 4",Knossos
22," ]ta-na-qo , a-mi-ni-si-ja , [
]ra MUL [",Knossos
23,".a te-o , do-e-ro [
.b a-ri-ke-u , / ka-(pa)-so ja-[ ",Knossos
25," ]-qo-ta , / o-du-ru-wi-ja [
]MUL 1 [",Knossos
26," ](we)-re-ki-ja [
](we)-ka-ta [",Knossos
27," ]*56-so-jo , / a-mi-ni-so , // do-e-ra 
 ] vacat",Knossos
28," ]e-ra we-ka-sa[
] , qi-ri-ja-to , [",Knossos
29," di-ka[MUL 200[
inf. mut.",Knossos
30,"sup. mut.
 ](wo) 6 GRA 2 T (2)[
](2) ko-wo 8 GRA (2) (T)[
](wa) 8 ko-wo (1) GRA 2 T (1)[
] vacat [",Knossos
31," ]ko , / si-ra-ko , // qi-ri-ja-to , [
] [ [(MUL) 1] ] [",Knossos
32, ](3) ko-wo 1[,Knossos
33, ] (MUL) 12 ko-wa[,Knossos
34, ](1) ko-wa 2 ko-wo 1,Knossos
35, ] MUL (6) (ko)-wa 6 ko-wo 4 GRA 1 T [,Knossos
36, ](wa) 3 ko-wo[,Knossos
37, ]ko-wa (2)[,Knossos
38," ](ja)-to , si-(qa) [
] vacat [",Knossos
39," ]ra , pi-ja[
] vacat [",Knossos
40, ](ko)-wo (5)[,Knossos
41,"sup. mut.
 ](te)-(ja)-ne (MUL)[",Knossos
42,".a to-so [
.b da-wi-jo / VIR[",Knossos
44,".a ](i)-ta2 [
.b ] LUNA 1 VIR 4[
.c ](1)[",Knossos
45,".a to-so , e-te , e-so-to , a-mo-ra-ma
.b ko-no-si-jo , / VIR 25",Knossos
47,".a e-te , e-so-to , a-mo-ra-ma
.b to-so , / a-mi-ni-si-jo , VIR 9",Knossos
49,".A ] we-ke-i-ja VIR 18 'ko-wo' 8
.B ](qa)-ra / si-to LUNA 1 HORD 9 T 7 V 3 ",Knossos
51,"]ra-jo , / e-qe-ta-e , e-ne-ka , (e)-mi-to VIR 2 // ki-ta-ne-to , / su-ri-mo , e-ne-ka , o-pa VIR (1) ",Knossos
52,"si-ja-du-we , (ta)-(ra) , / i-je-[ ]-u , po-me , e-ne-ka , o-pa X VIR 1 // ko-pe-re-u , / e-qe-ta , e-ki-si-jo VIR 1 ",Knossos
53,"]-ra-jo e-qe-ta-(e) e-ne-ka ti-mi-to VIR (2) ki-ta-ne-to su-ri-mo e-ne-ka o-pa VIR 1 [
]-(ne)-we (e)-(ra) i-je-[ ]-u po-me e-ne-ka o-pa VIR 1 ko-pe-re-u e-qe-ta e-ki-si-jo VIR 1 ",Knossos
54,a-pa-ta-wa-jo te-re-ta VIR 4(5),Knossos
55,"a-pa-ta-wa-jo , / te-re-ta VIR 45[te-ko-to-ne VIR 5 [",Knossos
56,si-mi-te-u VIR 1 a-wa-ti-ka-ra MUL 1 [ko-wo 1 [,Knossos
57,"]8 VIR 4 se-to-i-(ja)[
]e 2 [",Knossos
58,"]-so / ka-ma-jo , VIR 16[",Knossos
60,"a-pe-a-sa / i-ta-mo , do-ti-ja , MUL 1 ki-nu-qa *56-ko-we MUL 1 [(ti)-wa-ti-ja / a-*79 a-no-qo-ta MUL 3[ ] ko-ma-we-to MUL 2 we-ra-te-ja MUL 2 [",Knossos
61,".1A vacat [
.1B ](i)-ja , / a-ke-wo do-e-ra MUL 4 [ [ ko ] ] [
.2 ]ro , / do-e-ra (MUL) 1 di-qa-ra[
.3 ]ne-o , / do-e-ra (MUL)[",Knossos
62,"tu-ni-ja 'tu'MUL 4 ne 'di' 3 'ko 1'ri-jo-no 'tu'MUL 3 ko-wo 3[do-ti-ja 'tu'MUL 4 ne 'di' 6[ ] vacat [
vacat [",Knossos
63,"(a)-ke-si-ja , ka-(ma)[ko-so-jo , MUL 1 tu 2[
(da)-[",Knossos
65,"]-me-no X MUL 1 tu-zo X MUL 1 ko-pi X MUL (1) [ ]a-to-me-ja MUL 1 da-te-ne-ja MUL 1 X pa-ja-ni MUL 1 [ ](pi)[ ]wo-di-je-ja MUL 1 ko-wo 1 du-sa-ni X MUL 1 ma-ku[ ]pa-i-ti-ja X MUL 1 pi-ra-ka-ra X MUL 1 *18-to-no , / tu , MUL 2 X wi-so (MUL) 1 Xe-ra-ja MUL 7 ko-wa 1 ko-wo 1to-sa MUL 45 ko-wa 5 ko-(wo) 4ke-ra-me-ja X MUL 1 ko-wo 1 tu-*49-mi X MUL 1 i-du X (MUL)[ ]tu-ka-to X MUL 1 e-ti-wa-ja MUL 1 sa-ma-ti-ja X MUL 1 (si)-[ku-tu-qa-no X MUL 1 wi-da-ma-ta2 X MUL 1 ka-na-to-po X MUL 1 sa-ti-(qi)-(to) MUL 1tu-ka-na X MUL 1 sa-*65 X MUL 1 u-jo-na X MUL 1 sa-mi MUL 1(a)-de-ra2 X MUL 1 tu-ka-na X MUL 1 pu-wa MUL 1 X si-nu-ke X MUL 1
]qi-ti-ta X MUL 1 si-ne-e-ja MUL 1 X u-pa-ra MUL 1 X ru-ta2-no MUL
](du)-tu-wa MUL 1 ko-wa 2 ke-pu MUL 1 ko-wa 2 wa-ra-ti MUL
]-(ja)-si-ja MUL 4 a-nu-wa-to MUL 1[",Knossos
66,"](ja) , / ko-u-re-ja MUL (1)[
 ]ka-ra-we MUL 1[
 ] a-ze-ti-ri-ja MUL 1[
] vacat [",Knossos
67,"](i)-ta-no MUL 1 ka-*56-so-ta MUL 1 a2-du-wo-na MUL 1
]wi-ja-na-tu MUL 1 i-ta-ja MUL 1",Knossos
69,"]e-ke
][ [ (wa) (1) ] ] ko-wo 1
[ [ (OLIV) (1) ] ]",Knossos
70,"]ja-mi-nu MUL 1
 ] MUL (10)[",Knossos
71,"]si 1 tu 1 ki-zo 1 MUL (3) (TELA)[ ](a)-ma-no-[
]1 o-ri-mo MUL 3 TELA+TE 1 pu-zo , ti-no , pi-ja-mu-nu (MUL)[
]ni-ta , o-sa-po-to MUL 3 TELA+TE 1 [
] vacat [",Knossos
72,"sup. mut.
](X) MUL 1
 ]-(u)-(ra) MUL 1 X
 ]na (MUL) (1) (tu)-ka-na X MUL 1
 ]ma MUL 1 te-qa-ja MUL 1
 ]ja (MUL) 1[ ]ja-mu-(ta) MUL (1)[
 ]-ta2-no[
inf. mut.",Knossos
73,"](no)-(si)-ja / to-sa MUL 26 (di)[
 ]7 ko-wo 9 ka-ra-we MUL 6 [
lat. inf.
] e-u-[",Knossos
74,"] ko-wo , di (4) qa-mi-ja ko-wa 'di' 3 ko-wo di (3)[
 ] 'di' 1 ri-jo-no ko-wo di 2 [
] vacat [",Knossos
78,"sup. mut.
 (o)-[ ] , (ko)-(no)-so VIR[a-to , / da-*22-to VIR 1zo-do-so , / da-*22-to VIR 1a-sa-ro , / da-*22-to VIR 1ko-so , / da-*22-to VIR 1su-ke-re , / se-to-i-ja VIR 1
vacat
 ](to)-so VIR 10
] vacat",Knossos
79,"]di-ka-ta-ro (VIR)[
 ](si)-ja-qo VIR[
](ke)-we-da (VIR)[",Knossos
80,"]VIR 1 TELA1 1
 ](jo) (VIR) (1)[ ] VIR 1 TELA1 1 [
 ], qe-ro a-ta-qe VIR (2) TELA1 1 ka-nu-se-u , ta-to-qe VIR 2 TELA(1) 1[
 ](da)-ro , a-ka-sa-no[ ]VIR 2 TELA1(pe)-re-*82-ta , qo-wa-ke-se-u[
]to-so [ ](VIR) 12 [ ](1) [",Knossos
81," ]VIR 1 no-si-ro VIR (1)[ ](a)-ta-no VIR 1
]1 ma-di VIR 1 o-po-ro-u-si-jo[
]1 pe-te-u VIR 1 ku-ro2 VIR[
] vacat [",Knossos
82," ] e-re-dwo-(e) , ka-(ta2)-(ro) 'si-(ra)-so'VIR 1 e-ri-ta-qi-jo , / ka-mo 'VIR 1'
 ]ra-su-to VIR 1 ta-de-(so) (ra)-su-to[ ] 1 au-ri-jo 'wi-na-to'VIR 1
 ]te-so 'wi-na-to'VIR 1 te-(na)-ja-so[ ](1) qa-qa-ro 'pu-so'VIR 1 [ ]to , / u-ta[",Knossos
83," ]ni-jo VIR 2 TELA1[ ](ra)-wo-ke-ta , e[
] VIR 2 TELA1 1 qe-[ . . ]-no , pe-ro-qe VIR 2[ ] TELA1 1
](VIR) 2 TELA1 1 tu-ma-i-ta , qe-ta-se-u[ ] TELA1 1
 ] vacat [
]2 [",Knossos
84,".1 ]VIR 1 a-ra-ko VIR 1
.2 ]1 ta-ta-ro VIR 1
.3 ]VIR 1 (si)-mi-do VIR 1 (*56)-ni-sa-ta VIR 1
.4 ](1) [ ](ro)-ti-jo VIR 1
.5a ] ke-re-(to)[
.5b ](1) i-ne-u , ra-(ja)[",Knossos
86," ](i) 1 DA 1 / (ku)-(ru)-no[ ] VIR 5 [] 1 DA 1 / pa-ta-u-(na) [ ] VIR (1)[](1) / [ ]pa-ta-u-na // a3[ ] VIR 1 DA 1 / pa-ta-u-na // ko-no-si-jo (VIR)[ ] ta-so DA 1 / (ke) [ ] 1 ke , ta-pa-da-no DA 1 / ke // si-to-(po)[ 
]ko-me-no VIR (1)[ ] no-do-ro-we (DA)[
lat. inf.
 ] DA 1 a-ma[ ]e-ne-o (o)-u[",Knossos
87," ]re-po-so [ka-ri-(se)-u [ ] wi-(je)-mo VIR 1 pi-ro-qa-wo[qe-te-se-u VIR [ ] no-da-ro VIR 1 a-ku-ri-(jo)[
 vacat [ ](to)-so VIR (7)",Knossos
88,"sup. mut.
 ](ki)-ne-u (VIR)[sa-ma-ri-wa-ta VIR[a-re-ta-wo[
inf. mut.",Knossos
89," ](du)-ru (1) (ko)[ko-no-si-ja , ra-wa-ke-ja , a-nu-wi-ko VIR 1 [a-ra-da-jo VIR 1 pi-ja-si-ro VIR 1 (da)-(na)[ ] VIR 1
 ](we)-ro VIR 1 po-to VIR 1 si-pu2 VIR 1 pu-te VIR [ ] (ja)-sa-no VIR 1qa-me-si-jo VIR 1 mi-ja-ra-ro VIR 1 mi-ru-ro VIR 1
[ . ]-ki-wa-ta VIR 1 u-ra-mo-no VIR 1 pi-ri-no VIR 1qa-to-no-ro VIR 1 pe-te-ki-ja , VIR 1 ko-ni-da-jo VIR 1a-ko-ra-jo VIR 1 wa-du-[ . ]-to VIR 1 qo-te-ro VIR 1i-te-u VIR 1 pu-to-ro VIR 1 ka-ri-se-u VIR 1 a3-ko-ta VIR 1ka-ke VIR 1 ru-na VIR 1 pu-wo VIR 1 a-ta-ze-u [a-ra-na-ro VIR 1 si-ja-pu2-ro VIR 1 to-so X VIR 31 ",Knossos
90,"]-ti-jo , a-nu-to [ ](si)-re-wi-ja , VIR 1 su-ki-ri-to VIR 1
[ . ]ke-se-ra-wo VIR 1 qa[ . . ]-jo VIR 1 ne-o-ta VIR 1o-pi-si-jo VIR [ ]a3-wa-(to) VIR 1 a-ti-jo VIR 1 du-to VIR 1a-de-we-[.]VIR 1 pa-na-re-jo VIR 1 sa-pi-ti-nu-wo VIR 1du-to VIR 1 ka-*56-na-to VIR 1 a-qa-to VIR 1du-ru-po VIR 1 qa-nu-wa-so VIR 1 ke-re VIR 1 pa-ti VIR 1wi-ro VIR 1 su-mi VIR 1 i-wa-ko VIR 1 a-pi-wa-to VIR 1pi-ja-se-me VIR 1 to-so X VIR 23 ",Knossos
91,"se-to-i-ja su-ke-re-o , qa-si-re-wi-ja VIR 1 ku-to VIR 1sa-u-ri-jo VIR 1 du-ni-jo VIR 1 wi-ja-ma-ro VIR 1 a-pi-ra-wo VIR 1
  ](to) VIR 1 pi-[ ]-jo VIR 1 wi-ra-ne-to VIR 1
]na-(ro) VIR 1 wa-ru-wo-qo VIR 1
] VIR 1 a-ti-[ ] (VIR) 1 to-so[",Knossos
92," ]no , re-qo-me-no ,
[ . ]si-re-u 1 a-di-nwa-ta 1
[ . ]-sa-ta 1 ti-qa-jo 1da-wa-no 1 [ . . ]-wo 1qi-qe-ro 1 wi-du[ ] 1ku-ra-no 1 (ra)-wi-[ . ] 1e-ru-to-ro 1 ku-(ta)-i-jo 1ku-pa-nu-we-to 1 qa-ra-jo 1ri-zo 1 pa-na-re-jo 1ke-ka-to 1 to-so VIR 17
vacato-pi , e-sa-re-we , to-ro-no-wo-ko ,po-to-ri-jo 1 pe-we-ri-jo 1a3-ni-jo 1 ",Knossos
93,"side 2 versovacatza-mi-jo VIR 9vacat
reliqua pars sine requlis",Knossos
94," ] VIR 5 to-ko[ ]wi-ja 1 [
]VIR (5) we-e[ ] , to-ko 1 [
 ] VIR 5 we[ ]wi-ja to-ko 1 [
 ](re)-we VIR 5 (we)-e-wi-ja , to-ko 1 [
] vacat [ ] vacat [",Knossos
95,"sup. mut.
 ] VIR 1i-we-ro VIR 1ne-o-to VIR 1qa-ti-ja VIR 1o-pi-si-jo VIR 1pa-ja-ro VIR 1ki-ke-ro VIR 1i-to VIR 1
vacat(ma)-ri-ne-wo , wo-i-ko-deto-so VIR 10
vacat
inf. mut.",Knossos
96,"sup. mut.
 ](no) ,
 ]1 a-ta-no 1
 ]wi-jo 1 a-te-mo 1ki-ma-ta 1 ri-zo 1ke-sa-do-ro 1 di-zo 1da-ko-so 1 so-za 1to-so VIR 10
vacat
 ] e-u-na-wo 1
] sa-zo 1
 ] o-*22-di 1
] pi-ma-na-ro 1
 ] a-*56-no 1
inf. mut.",Knossos
97,"major pars sine regulis
 a-mi-ni-so [a-ma-no 1 se[
inf. mut.",Knossos
99," ](e)-pi-ko-wo , e-qe-(ta) , e-re-u-(te)[]da-mo , / e-ro-pa-ke-u // VIR 1 ko-ki[ ]-jo / ra-wo-po-qo , ze-ro[",Knossos
100," ](VIR) 1 X
 ]-(to)[ ]4 (da)-zo VIR 2
 ](2) [ ]-(so)[ ]2[ ] VIR 1 [",Knossos
101," ] VIR 2[
 ](1)[ ]a-re-te-re-u[
inf. mut.",Knossos
102,"sup. mut.
 ] ko-ko[
 ](mi)-dwe VIR[
 ] VIR (1)[
inf. mut.",Knossos
103,"sup. mut.
 ] (e)[
 ](u)-ko-ro VIR [
 ]-ke-u VIR 1[
 ] to-so VIR 10[",Knossos
104," ]ku-ka-so VIR 1[
 ] vacat [",Knossos
105," ]wa-je VIR 2 [
 ]to , o-du[
] vacat [",Knossos
106,"sup. mut.
 ]VIR 1 a-[ . ]-we (X)[
] X VIR 5 a-[
lat. inf.
]su-*56-ta X VIR 1[",Knossos
107," ]VIR (1) 'e-re-ta'VIR[
 ]VIR 1 'e-re-ta' (VIR)[
 ] 'e-re-ta' [inf. mut.",Knossos
108," ]me-ri-to te VIR 1
] vacat",Knossos
109," ]ma-jo , [
] VIR[
inf. mut.",Knossos
110,"sup. mut.
 ]-u-to VIR 1[
 ]1 o-ku 1 [",Knossos
111,"sup. mut.
 ](VIR) 3 a-[
]-(we)-(ro) VIR 1 X[
lat. inf.
](*56)-ti VIR 1 X [",Knossos
120," ] 1 ra-ni VIR 1
 ] vacat",Knossos
121,"ko-wi-ro-wo-ko VIR[ ] a3-te-re VIR 8[
vacat [",Knossos
122,"sup. mut.
 ] VIR 37ku-re-we[ ]ru-(wo) VIR 143(a)-(da)-wo-ne[i-(ja)-wo-(ne)[
ku-[ ]40
(o)-(da)-[ ]4
to-[ ]-to[ ]VIR 144
vacat
] vacat",Knossos
123, ]a2-ta VIR 2,Knossos
124, tu-ra-te-we VIR 15 [,Knossos
125,"sup. mut.
 ]-(nu) VIR (1)[
 ]ki-nu-wa , VIR[",Knossos
126,"]re-ta VIR [
 ]si-re-we VIR 10[",Knossos
127,"sup. mut.
 ]-(ko) [(ke)-sa-do-ro (VIR)[a-ke-ta VIR[(a)-na-qo-ta VIR 6ko-ma-we-ta VIR 2pe-qo-no VIR 1ra-wo-qo-no VIR 1ko-a-ta VIR 2ku-ni-ta VIR 3o-pi-te-u-ke-we VIR 2i-se-we-ri-jo VIR 3",Knossos
128," da-i-pi-ta , ke-do-si-ja , [
] u-ra-jo , VIR wi-du-ro VIR ki-ri-[
](jo)-si , VIR qo-ja-si , VIR , *56[
 ] , VIR pa-wi-no , VIR , di-de[e-u-da-mo , VIR qa-wo[ ]-we-ke , VIR , [pu2-ra-ne-jo , VIR , a-(ka)-de , VIR , o-pe-ta VIR [a-ta-ma-ta , VIR e-ke-se , VIR , pu-ri , VIR , [a-tu-qo-ta , VIR i-ke-ta[ ]VIR[
 ]-si-jo[ ]VIR[
inf. mut.",Knossos
129," side 2 verso
 ] , sa-za-ro , VIR ku-pe-re-te , VIR
 ]me-ne-u , VIR e-u-na-wo[ ]VIR
 ](ra)-no , VIR me-ri-[
 ]me-ta-ra-wo[ ]ta , VIR a-me-ja-si (VIR)
 ]ko-me-no , VIR , na-su-wo[ ]VIR , [ [ ke-ro (VIR) ] ]
 ] [ [ [ ](VIR)[ ](pu)-(wa) VIR ] ]
inf. mut.",Knossos
130,"sup. mut.
 ](wo) VIR
  ]jo , VIR
  ]a-wo-ro , VIR na-si-jo VIR
  ]VIR , ri-zo VIR me-de-i-jo VIR
  ]-do , VIR , [ [ ke-ro-te ] ]
 ]e , VIR 4 [ [ ] ]
  ]pa-no , VIR 30
  ]ke-re , o-pe",Knossos
131,"sup. mut.
 ]ma-ma-ro , VIR[
 pu-(sa)-[ . ], VIR , ki-u-ro , VIR , do[a-ki-wa-ta , VIR , ki-ri-ja-si VIR [a-pi-me-de , VIR , [",Knossos
132,"sup. mut.
 ra-ti-[
 e-u-ka-ri[
e-ri-ti-qi-[
[ . ]-ka-ta[
inf. mut.",Knossos
133,"sup. mut.
 ]-u , VIR , ko-ku-ro , VIR , to-na-ta , VIR ,
  ]u , VIR , a-so-qi-jo , VIR , pi-ri-(u)-wo , VIR
 ](VIR)[ ]ko-ru-[
inf. mut.",Knossos
134," ]ke-re , ke-do-si-ja , [
 ]wo-qo , VIR , do-qe-u , VIR , a-ki[
 ]e-i-ja-si , VIR , po-ti-jo , VIR [
 ] VIR , a-pa-re-[ ]VIR[ ]pu-ra[
inf. mut.",Knossos
135," pa-wi-no[ ](sa)-me , VIR[
]pi-ja-to , VIR , to-pe-si VIR e-wi-(ta)[
]me-de , VIR , i-za-re , VIR [
 ]VIR[ ]ke-re , VIR[ ]mi-[
inf. mut.",Knossos
136,"sup. mut.
 ]de-[ ] (VIR)[
] , VIR , a-ra-ka-jo , VIR ko-[ . ]-no , VIR
 ]-wo-ta , VIR po-ki-te , VIR
  ]se , VIR , ma-di-qo , VIR ,
 ]VIR , to-wa-no VIR
  ]VIR , pu-na-si-jo[ ]VIR
 ]e-wi-to-wo , VIR , ru-(a2)[ ](VIR)
 ], re-ka-(ta) , VIR [
 ]ma-ja-ro , VIR [ ",Knossos
137,"
sup. mut.
  ] VIR [
 ko-[ . ]-ka-ra-te-ne VIR (20)[
reliqua pars sine regulis",Knossos
138,"sup. mut.
 tu-(ri)[ ] u-ta-ni-jo VIR 237
vacat
reliqua pars sine regulis",Knossos
139,ra-sa-to / po VIR 2,Knossos
140,".a ]me-no VIR 2
.b  ]sa-do-ro-jo",Knossos
141, ]-ma-da-jo VIR 1,Knossos
142,".a ]a-pi-ja-ko-ro-jo[
.b ] VIR 4[",Knossos
143, ]mi-jo / po VIR 3[,Knossos
144, ]jo / po-ku-ta VIR 1[,Knossos
145, da-wi-jo / po-ku-ta VIR [,Knossos
146,".1a ] po-(da)-qe-re-(si)-je-wo
.1b ](pi)-ro / si-ra-ko , qi-ri-ja-to // ku-te-ro / ku-ro2-jo , do-e-ro , VIR 1
.2 ] vacat",Knossos
148, tu-wi-jo / ta-pa-e-o-te VIR 10 a-pe-o-te VIR 4,Knossos
149, e-ki-si-jo / po-ku[,Knossos
150,".a pa-qo-si-jo , si-ra , qi-ri-ja-to , [
.b ka-ra-na-ko , / ko-ma[ ](to) , do-(e)-(ro) , VIR (1)[",Knossos
152,".a ]-o-me-no
.b ] wo-ro-ka-ne , a-ko-ro-(da)-mo-jo VIR 3 ",Knossos
153," ](wo)-(ro)-ka-ne , / e-pi-ko",Knossos
155,"ko-no-si-jo , e-qe-ta , pi-sa-wa-ta , VIR[ ]-(se)[wo-si-jo-ne VIR [
 ]VIR 1 e-ko-te[
 ](wi)-[ ]VIR 1 me-(tu)[
 ]-ma-ro , VIR 1to-so , pa-te VIR 213[",Knossos
156,"sup. mut.
 ]pe-ri-te-u , VIR[
 ](e)-qe-ra-wo VIR[
inf. mut.",Knossos
158,"sup. mut.
 ]e-ri-ko[
inf. mut.",Knossos
159,"sup. mut.
 ]ka-ra-i-no , [
], VIR [",Knossos
160,"sup. mut.
 ]-wo , VIR a-du-[
 ]-e , VIR [
inf. mut.",Knossos
161,"sup. mut.
 ]-(wa)-(i)-(jo) , VIR [
] we-ro-pa-ta VIR e-re-ke[
 ](ma)-[
inf. mut.",Knossos
162,"sup. mut.
 ]-i-[
 ]ri-jo , VIR [
inf. mut.",Knossos
163,"sup. mut.
 (ke)-[
 to-ke[
 vacat [",Knossos
164,"sup. mut.
 ]-wa-ta VIR [
wi-do-[ ]-wi[
 e-re-(u)-ta[
inf. mut.",Knossos
165, ka-pa-jo / po VIR 3,Knossos
166,".a ]-qo [
.b ]-jo do-e-ro VIR[",Knossos
167," ]jo / to-so , o-re-i VIR (9)00[",Knossos
168, do-ti-jo / po-ku-ta VIR 10,Knossos
169, ]te-re-ta VIR 1,Knossos
170, ]i-jo-te VIR 130,Knossos
171, ]-ra-so / po VIR 2,Knossos
172,"sup. mut.
 ]-wo-[
 ](VIR) (e)[
inf. mut.",Knossos
173, ]jo / po-ku[,Knossos
174," ](do)-si-ja , [
 ]ra-jo[
inf. mut.",Knossos
175," 
 ] vacat [
 ]me-ri-wo[
inf. mut.",Knossos
176,"sup. mut.
 ka-[
 a3-du-[
inf. mut.",Knossos
177,"vacat [
qe-[BOSm 1 sa (OVISm)[(pa)-ja-(o)-(ne) / pa-(de)[",Knossos
178, e-wo-ta-de BOSf 20 ta BOS 1,Knossos
179,"sup. mut.mi-ru-ro / si-pe-we BOS ne *170 12o-du-ru-wi-jo / ko-re-te BOS ne *170 12wa-to / (ko)-re-te BOS ne *170 12 // wa-to / da-nu-wo BOS *170 12si-ra-ro / ko-re-te BOS 1 ne *170 12*56-ko-we / e-ra-ne BOS 1 ne *170 12o-du-ru-we / u-wo-qe-we BOS 1 ne *170 12ri-jo-no / ko-re-te BOS 1 ne *170 12ru-ki-ti-jo BOS 1 ne *170 12a-pa-ta-wa / ko-re-te BOS 1 ne *170 12ku-ta-i-to / ko-re-te BOS 1 ne *170 12re-ri-jo / e-re-ta BOS 1 ne *170 12
 ] wa-to / we-re-(we) BOS 1 ne *170 12inf. mut.",Knossos
180," ]pa-ro , / de-ki-si-wo CAPf 1 [",Knossos
181,"ma-mi-di-zo / pi-ri-to-jo OVISf 40[[ . . ]-ro , da-nu-wo OVISf 100[po-ri-wo , / su-ki-ri-ta-jo , wo-we-u CAPm 180]a-ru , / pa-ta-ti-jo , do-e-ro , CAPf 230a-du-po-to , / qi-ko-we-e , do-e-ro , CAPf 90qa-di-ja , / po-ku-te-ro , da-mo , do-e-ro CAPf 70da-[ . . / ]po-ku-ta CAPf 130ra-wa-ni-jo , / po-ku-ta , ra-ri-di-jo OVISm 190o-mi-ri-so , / (ta)-so , do-e-ro OVISm 50[ . . ]-so / a-pi-me-de-o , po-ku-ta ra-ri-di-jo OVISm 140ku-jo-[ / ](ta)-so , // do-e-ro OVISf 100a-*56-da-(ro) / ka-ta-mi-(jo) , (do)-(e)-(ro) OVISx[a-ra-ko , / ra-(ri)-(di)-jo , (do)-(e)-(ro) OVISm 100[vacat",Knossos
183," ] re-ko-no-jopu-wo / (po)-ku-ta // da-we-ro OVISm 270wa-du-na-ro , / po-ku-ta OVISm 110[ . ]-qa-to , / (pa)-[ ]te-re[ ]OVISx 140[ ]pu-na-to , do-e-ro , e-te-wa-tu-wo OVISm 80i-ro-to , [ ](na)-jo OVISm 80qa-sa-ko , / [ . ]-wa-so OVISm 170ka-sa-ro , / a-da-wa-si-jo OVISm 60
(di)-[ ] OVISm 140[a-*56-no[ ]jo-(te)[ ] OVISm (8)0ko-to , / po-ku[ ] OVISf 100[
](re)-to / ka-[
inf. mut.",Knossos
184,"vacat su-pu-wo / do-e-ro-jo OVISx[ ](7)0 CAPf 40to-so OVISm 900 [
 vacat
inf. mut.",Knossos
185,"pa-ro , e-te-wa-no , a3 CAPm 1[pa-ro ko-ma-we-te CAPm 1 pa[",Knossos
186,PA-RO E-TE-WA-NO AI CAPm 1 [ ] PA-TO ko-ma-we-te CAPm 1 PA [,Knossos
188," pa-ra-ti-jo OVISm 50a-ka-wi-ja-de / pa-ro , CAPm 50",Knossos
189," ] OVISf 10 [
] pa-ro , a-pi-qo-ta / pa-ro , do-e-ro CAPf 10 [",Knossos
191," re-ko-no , / to-sa , qe-[ ] OVISm 1700[OVISf 1200 [ ] 170 (SUSx) 500[to-sa , pa-ta[ ]2000[
inf. mut.",Knossos
192,"
[ [ re-ko-no-jo , po ] ][
[ [ po-ku-ta ] ][",Knossos
193, ]te-ru-wo-te CAPf 1 [,Knossos
194,".A OVISm (8)[
.B pa-ro / a-pi-qo-ta , sa-pa-ka-te-ri-ja OVISf 10 [",Knossos
195," ]OVISf  1 mo-ro-qa OVISf 1 ke-to-ro OVISf 1 we-wo-ni-jo (CAPf)[
 ](ku)-no-o CAPf 1 pe-ri-te-u OVISf 1 me-tu-ro CAPf 1 si-[
 ]CAPf 1 di[ ]po-ro-i (CAPx) 1[ ",Knossos
196,"
 ]-ne-wa CAPf 1 [",Knossos
197," pu-na-so , [",Knossos
198, te-re-wa-ko / a3-wa (1) tu-ma-ko (BOS)[,Knossos
199," do-ti-ja , / ra-ja , pu-na-so-qe , ra-su-to-qe a-to-mo SUS 1",Knossos
200, ]-re-[ ]-ja / ku-do-ni-ja BOSf 14[,Knossos
201," e-ko-so , / du-ma SUS 1",Knossos
202,".a ] e-ra-wo , du-ma [
.b ]ko-we-qe (SUSx)[",Knossos
204,".a ] , we-ka-ta-e [
.b ] ke-u-po-da-o BOSm ZE 1 [",Knossos
205,".a ]ka-te-ri-ja [
.b ]wo OVISf[",Knossos
206,".a ](we)-ka-ta [
.b ](sa) / au-a3-ta BOSm[",Knossos
207,".A ] (OVISx)[
.B ]ja-we-jo / da-*22-to (CAPf)[",Knossos
208, ]ka-ta BOS ZE 20,Knossos
209, ko-no-so-de BOSf 5 BOSm 8,Knossos
210," ]no-re CAPm (1)[
]ra-zo[",Knossos
211,"sup. mut.
 ]-je-re-u OVIS [
] OVISx [
inf. mut.",Knossos
212, ](da)-mo-ko-ro SUS 1,Knossos
213,".A ]ka-ma-o [ ]f (10)[
.B ]-no , CAPf 20[",Knossos
214, ] (1) OVIS 2 'e-u-[ ](ma)-(wi)-jo OVIS 1',Knossos
215," a-ki-ri-ja CAPm (2)6 CAPf [
 vacat [ ](ke) 3[",Knossos
216,"to-ro-wa-ko , (BOSx)[",Knossos
217, tu-zo BOS ZE 1[,Knossos
218, ](mo)-ko-ro (SUSx) (1)[,Knossos
219,"]pa-ro , [",Knossos
220,di-ko-to / e-ma-a2-o OVISf 60 WE 30[,Knossos
221,".a ]a-di-je-wo [
.b ]i-to OVISm 40 [",Knossos
222,"](ra)-jo , ma-ti-jo OVISm (110)[
 ]e-ra-ja , qi-ni-te-we OVIS 100 sa[",Knossos
223,".a ] ra-wo-qo-no-jo
.b ](pa) / da-wo OVISm 68",Knossos
224,"sup. mut.
 ](ke)-mo / sa (OVISm)[",Knossos
225, ]ko-we OVISm[,Knossos
226,".a ] a-no-qo[
.b ]ni-to / e-ra [",Knossos
227, ]-ro / u-ka (OVISm)[,Knossos
228,"]a-ka OVISm [
 ] vacat [",Knossos
229," ]-ta-ra-pi , (OVISm)[",Knossos
230, ]-si-jo-jo / (ko) // OVIS(m)[(da)-te-we-ja [,Knossos
231, ]da-wo OVISf 60[,Knossos
232," ](qa)-mo , OVISm 120[",Knossos
233, ]-to-wi-jo OVIS(m)[,Knossos
234, ]we-e (OVISm)[,Knossos
235,"pi-ra-me-no , / pa-i-to GRA 10[",Knossos
236, ka-pa GRA[,Knossos
237,ra-wa-si-jo (GRA)[,Knossos
238,ru-ki-ti-jo GRA 246 T 7tu-ri-si-jo GRA 261 ra-ti-jo GRA 30 T 5,Knossos
239," ](ti)-jo GRA 195 OLIV+A 43 OLIV+TI 45
 ]i-jo GRA 143 da-*22-ti-jo GRA 70 OLIV 45",Knossos
240,](da)-*83-ja-i GRA 302 OLIV 8(9)[ru-ki-ti-jo GRA 73 o-na-jo GRA[,Knossos
241," vacat qa-ra-jo , GRA 25ru-ki-ti-jo GRA 23[ti-ri-ti-jo GRA[
](ri)-mi-jo (GRA)[ ](1) T (2) V 3qa-mi-jo , GRA 12 T 5u-ta-ni-jo , GRA[pu-si-jo , GRA (6)[
vacat [",Knossos
242,"pa2-ra-jo GRA 25ru-ki-ti-jo GRA 2(1)ti-ri-ti-jo GRA [
]-(ri)-mi-jo GRA [ ] T 2 V 3pa2-mi-jo GRA 12 T 5u-ta-ni-jo GRA [pu-si-jo GRA [
vacat",Knossos
243,ko-no-si-ja / ki-ri-te-wi-ja-i LUNA 1 GRA 100[a-mi-ni-si-ja LUNA 1 GRA 100 [pa-i-ti-ja LUNA 1 GRA 100[ ,Knossos
244,a-ze-ti-ri-ja GRA (10)[,Knossos
245,".1a ] di-wo [
.1b ]ra , te-o-i / me-a-de[
.2 ](OLIV) 24 T 4 (PYC)[ ] T 2 me-na GRA 2 T (4)[
.3 ]pe-ro2-[ ] 2 T 4 ki-da-ro GRA (21)[ ](to)-so GRA[",Knossos
246,"vacat [e-me-si-jo-jo[pa-na-so GRA 100[ta-ra-qo GRA [ta-u-pa-du-we (GRA)[
a-(ro)-ja[pu-na-so[
inf. mut.",Knossos
247,"]ra-wa-e-si-jo , / to[
 ] (to)-so GRA 22[",Knossos
248," ]no-so / a-no-qo-ta-o LUNA 1 GRA 10 T 2[
 ] LUNA 1 GRA 12 T (7) da-na-mo LUNA 1 GRA (11)[ ](T) 7 [",Knossos
249,"](qa)-sa-ro-we[ ] a-ma
] GRA (6)2[ ] 8",Knossos
250,"pu-ta-ri-ja , pe-ra[to-so GRA 130[",Knossos
251,]ma-si-jo a-ma GRA 132 TO 5,Knossos
252,"]to-i-ja , o-pa GRA[",Knossos
253,a-ta-re-wo / a-ma GRA 100[ ,Knossos
254,to do: confirm a-ta-re-wo; DNE in Chadwick & Ventris' index,Knossos
255,"]do-ti-ja GRA 48 'pe-ma'
]ra-wa-ke-si-jo GRA 10 T 5",Knossos
256,"]ri-mi-jo GRA 10[
 ] GRA 35 ri-[
 ]ri-jo GRA[",Knossos
257,"]me-si-jo-jo , / pa-(na)[ ] GRA 100[",Knossos
258,]e-pi-ke-to GRA 30[,Knossos
259,o-pa-wo-ne-ja / to-qa OLE 24 ,Knossos
260, ka-ro / a-pu-do-si 'te'OLE 23 S 2,Knossos
261, pe-da-i-ra / du-ni-ja OLE 4 S 2 V 1,Knossos
262, a-ne-ra-to OLE 2 do-re-we OLE 2,Knossos
263,du-pu2-so / zo-a OLE 15 e-pi-ko-wa (OLE) (1) S 1 V 3,Knossos
264, ka-pa-ri-jo-ne OLE 1,Knossos
265, du-ru-po OLE V 1,Knossos
266, a3-ki-pa-ta OLE 2[,Knossos
267," ma-ro-ne / ku-pi-ri-jo OLE 6 S 2 MU 5we-we-(ro) , / o-no OLE 1 a-ri-to-[ . ](jo) OLE V 2",Knossos
268," o-no , i-su-ku-wo-do-to , OLE 1 S 1qe-te-o , [ [ te-o ] ] OLE 1",Knossos
269, ru-ki-to / a-pu-do-si OLE 53 V 3,Knossos
270,po-ro-ko-wa OLE 2,Knossos
271, *47-so-de OLE V 3,Knossos
272, de-u-jo-i OLE S 1,Knossos
273, ra-ma-na-de / de-ma-si OLE S 1,Knossos
274,qa-ti-ja / zo-a OLE 30,Knossos
275,o-mi-ri-jo-i OLE 1[ ],Knossos
276, *47-so-de OLE 2 S 1e-ra-de OLE 2 V 1,Knossos
277," ] , to-ro-qa OLE 10",Knossos
278,".a zo-a[
.b ku-do-ni-ja / e-te-(ja)[",Knossos
279,".a ki-ra-*56-so , u[
.b ma-si-dwo / me-[",Knossos
280,".a OLE 21 S 2 [ ] vacat
.b ku-pi-ri-jo / o-no zo-a OLE (3) (V) (3)",Knossos
281, [ [ ne-wo (OLE) (8)3 ] ] [ ] tu-[ ] 7 V 2[,Knossos
282,".a ]-ke , a-ku-tu-ru-wo[
.b ]u-te-si OLE[",Knossos
283,".a ]*83-ja-de OLE V 1
.b ](da)-so-de OLE V 1",Knossos
284, to-so / a-pu-do[,Knossos
285, to-so-ku-su-pa OLE 330 S 1,Knossos
286," o-pi , du-ru-po OLE S 1 [",Knossos
287, zo-a / a-ra-si-jo (OLE)[,Knossos
288,".a ] ko-no-so[ ] vacat
.b ]mu-to / de-ka-sa-to [ ]OLE (7)0",Knossos
289, ]o-se-ko-do / ku-pi-ri-jo OLE 13 S 1 MU 10,Knossos
290, ku-pi-ri-jo / o-no OLE 150,Knossos
291," tu-ni-ja-(de) , / te[",Knossos
292, a-pu-(do)[,Knossos
293, ]ne-wo OLE 10[,Knossos
294, ]ro-qa OLE 1[,Knossos
295, ]ma-qa-to OLE[,Knossos
296, ]pu-do-si OLE 17 S 2[,Knossos
297, ]jo-te / zo-a OLE 33 S 1 e-pi-ko-(wa)[,Knossos
298," ]po-ro-ko-wa , a[",Knossos
299, ko-ro-ja-ne OLE [,Knossos
300, ku-do[,Knossos
301, ]re-pi-ru-nu-we[,Knossos
302, do-ni-ja[,Knossos
304, ka-ke-we OLE+[ ] S 1 V 1,Knossos
305, ]te-o[,Knossos
306, tu-ri[,Knossos
307, ]qa-nu-we[,Knossos
308, e-ri-nu[,Knossos
309, ]ro-to-qa OLE 20[,Knossos
311, u-ru-pi-ja[,Knossos
312,*47-so-de[,Knossos
313," ]-si-ja V 1 a-ri-ja-wo-ne [ ] vacat
]si-ja / e-to-wo-ko V 3 *47-so-de S 1 ",Knossos
314, ra-pte-re OLE V 3,Knossos
315, *56-i-ti OLE S 1,Knossos
316, wi-na-jo / e-ra-jo OLE V 1,Knossos
317, ](ja)-[ . ]-jo / pe-da[ ]i-je-[,Knossos
318,"
 ]ra-i / ko-[ ] OLE S 1",Knossos
319, ku-pi-ri-jo / ma-ro-ne OLE 100 [,Knossos
320, wi-ri-ne-we OLE 12 S 1,Knossos
321, wa-po OLE [,Knossos
322, *47-so-(de)[,Knossos
323," o-na , de-(mi)-(ni)-jo OLE 2 S 2",Knossos
325, ]-pte-si / [ . ]-u-pi-ri-[ . ]-(i) (OLE) S 1 ,Knossos
326,]de-ma-si OLE 2,Knossos
327, ](so) / a-pu-do-si OLE[,Knossos
328, wi-ri-ne-we [,Knossos
329," ]-de , / zo-a OLE 23 S 1",Knossos
330, ]mi-ni-(si)[,Knossos
331, ro-ru[ ,Knossos
332,"(u)-ta-no , [",Knossos
333, ] / a-pu-do[,Knossos
334, ku-pi-ri-jo / u-ne[to-ro-qo / a-nu-[,Knossos
335, ]-ki-ro / ku-pi-ri-jo[ ]o-no OLE (9) S[ ] MU 7,Knossos
336, ]me-no OLE 2 S 2,Knossos
337,".a za-we-te [
.b a-mi-ni-si-ja / a-pu-do-(si) OLE 30[",Knossos
339,".a ko-[
.b zo-a /a-[",Knossos
340, ta-nu-[,Knossos
341, qa-to-no-(ro)[,Knossos
342, ko-ki-de-jo / qa[,Knossos
343,".a ] di-ka-ta-de[
.b ]de / i-je-[ ](OLE) 1 [",Knossos
344," ](si)-na-jo [
 ]-ni-ja-mo [",Knossos
345,"sup. mut.
 qe-ra-si-[",Knossos
346, ](ra)-u-to [,Knossos
347, ]*47-so-de / wa-u-so[,Knossos
348,"sup. mut.
 ](ko)-pe-re-we (OLE)[
inf. mut.",Knossos
349, *56-(i)-ti-(je)[,Knossos
350,"sup. mut.
 ]ku-pi-(ri)[
inf. mut.",Knossos
351, to-ro-qa OLE 5,Knossos
352,".a ] OLE S 1[
.b ]OLE S 1 ru-do-ro-(i)",Knossos
353, *47-so-de OLE 1,Knossos
354,".a V (2)[
.b ku-ru-me-ne-jo / de-u-(ki)-(jo)[",Knossos
355, me-ra-de OLE S 1,Knossos
356, ]-ra-de / ne-wo-jo OLE 4[ ] vacat [,Knossos
357," ]wa-ja , / qa-(sa)[",Knossos
358, ]-(qo)-ta / to-qa (OLE)[,Knossos
359,"sup. mut.
 ]ni-ja OLE (1)[",Knossos
360, ]-so-de [,Knossos
361,"sup. mut.
 ]*83-ja-de [",Knossos
362," ](a)-(pa)-to-re[
inf. mut.",Knossos
363,"sup. mut.
 ] ru-ki[
inf. mut.",Knossos
364, *56-ti[ ]1 S 1,Knossos
365,"de-u-ki-jo-jo 'me-no'di-ka-ta-jo / di-we OLE S 1da-da-re-jo-de OLE S 2pa-de OLE S 1pa-si-te-o-i OLE 1qe-ra-si-ja OLE S 1[a-mi-ni-so , / pa-si-te-o-i S 1[e-ri-nu , / OLE V 3*47-da-de OLE V 1a-ne-mo , / i-je-re-ja V 4vacatto-so OLE 3 S 2 V 2",Knossos
367, di-wi-jo-jo 'me-no'qe-ra-si-ja OLE S 1pa-si-te-o-i OLE S 1vacat,Knossos
368, ka-ra-e-ri-jo / pa-si-te-o-i S 1qe-ra-si-ja OLE S 1,Knossos
369," ka-ra-e-ri-jo , 'me-no' [di-ka-ta-de , OLE S (1) [",Knossos
370,"*47-ku-to-de OLE V 1 pi-pi-tu-na V 1
*85-ri-mo-de OLE V 4 pa-si-te-o-i S 1 qe-ra-si-ja S 1a-ne-mo-i-je-re-ja OLE 1 u-ta-no , 'a-ne-mo-i-je-re-ja'S 1 V 2",Knossos
373,".1a me-no OLE
.1b a-ma-ko-to , / jo-te-re-pa-to , // e-ke-se-si V 1
.2 qe-ra-si-ja S 1 a-mi-ni-so-de , / pa-si-te-o-i S 1 a-re (V)[",Knossos
374," ka-ra-e-ri-jo , / me-no*56-ti S 2 , pa-si-te-o-i S 1",Knossos
375,"wo-de-wi-jo , 'me-no' , pa-si-te-o-i S 1qe-ra-si-jo OLE S 1",Knossos
376," ]-jo-de , / ka-ra-e-ri-jo , (me)[
 ]jo S 1 pa-si-te-o-i S 1 [",Knossos
377, to-so-[,Knossos
378,ko-no[,Knossos
379," wo-de-wi-jo , 'me-no' / si-ja-ma-to OLE S 2pa-de , S 1 qe-ra-si-ja S 1 pa-si-te-o-i S (1)a-mi-ni-so-de , / pa-si-te-o-i OLE S 1",Knossos
380," ]ka-ra-e-i-jo OLE 1 S 2
 ]jo OLE V 1 pa-ja-ni-jo OLE V 1",Knossos
381," qe-te-a , te-re-no OLE [ da-*83-ja-de / i-je-to S 2 ki-ri-te-wi-ja , [di-wo-pu-ka-ta S 2 [
 ] vacat [",Knossos
383," ku-pi-ri-jo / su-ko-ne (OLE) [
 si-ja-(ma)[ ] OLE 1 S [
 ]de (OLE) 2 [
 ] vacat [",Knossos
384, a-ka-ta-ra-te-so-de OLE (10),Knossos
385,".A HORD T 1 NI V 3 OLE Z 2
.B sa-na-to-de , FAR V 1 VIN V 1 ",Knossos
386,".A HORD T (1) NI V 3
.B a-*65-ma-na-ke / me-na FAR V 1 OLE Z 1",Knossos
387,".A HORD T 1 NI V 3 FAR V 2 VIN V 2
.B a-ro-do-ro-o , / wa-(ke)-ta , HORD T 1 NI V 3 OLE V 1 ",Knossos
388,".A HORD T 1 NI T 1[
.B pa-de , FAR V 2 [ ",Knossos
389,".A ] [ [ HORD ] ] HORD[
.B ]ki-to , o-ja-de , [ ",Knossos
390,".A ] HORD T 1 NI T 1 FAR V 2 VIN V 22
.B ]qe-sa-ma-qa , / ta-mi-te-mo , HORD T 1 OLE V 1 ",Knossos
391," e-ti-wa , HORD T 1 NI V 3FAR V 1 OLE Z 2 VIN V 1 ",Knossos
392, (a)-*65-ma[ ,Knossos
393," ka-u-da , HORD , T 1 [FAR V 1 VIN V 1[",Knossos
394," ] HORD T 1 NI V 3 [
 ](na)-to-de , FAR V 1 VIN V 1 [",Knossos
395," ja-pe-re-so , HORD T 2 NI V 3 VIN V 2FAR V 1 OLE V 1 ",Knossos
396," ]ki-ri-jo-de[
 ]FAR V 1 [",Knossos
397, da-da-re[,Knossos
398,wa HORD T 1 V 3 po-ra-de-qo-no V 2 Z 2di-we HORD T 1 HORD T 4 Z 2 ma-(qe) HORD V 6,Knossos
400,"sup. mut.(a)-(ta)-ti-nu T[ ](V)[a-e-da-do-ro T 3 [ [ V (2) ] ]a-me-ja T 3 V 2
 ] T 4
 ] vacat
inf. mut.",Knossos
401,"sup. mut.
 ]-me-(no)
[ . ]-pita-pa-no
ne-je-ta[a-ka-i-jo[a-ri-we-(we)[inf. mut.",Knossos
402," e-ko-so , / to-so GRA 400[ ](OLIV) 82 T 4CYP+KU 5 T 3 CYP[ ]1[ ](T) 7vacat [ ] inf. mut.",Knossos
403,"vacat [(a)-ko-ra-ja / (ku)[
 ] vacat [inf. mut.",Knossos
404, te-ra-po-ti HORD 9 T 8 V 3,Knossos
405," ]ka-da-ra-so (OLE) 2
 ]qa-ka OLE 1 pu-ri OLE S 2[
 ]-jo OLE S 3 o[",Knossos
406," ]wi-jo-jo e-ra[
 ](wo) OLE+A V 1 [",Knossos
407,"sup. mut.
 ]-to[
] da-*22-to HORD 2
 ]-(ro) da-*22-to HORD 2
 ]-ri da-*22-to HORD 2
 ] vacat
inf. mut.",Knossos
408," ]-ti-ja , sa-pi-ti-(ne)-we-jo [
 ]a-di-*22-sa GRA+PE T (5) NI 8[
 ](no)-di-mi-zo-jo[ ] , GRA+PE 2 NI 34[pa-i-to , mi-sa-ra-jo , sa-pi-ti-ne-we-jo[su-za , NI 75 ka-po , e-[
]wa , OLIV 46 e-ra-wa[
 ] vacat",Knossos
409,".a ] a-ma
.b ](ro) , / da-mo GRA [ ]8 OLIV+A 12",Knossos
410,".1a ] e-pi-ke-re [
.1b ](i) / a-ma GRA [
.2 ] OLIV+A 46 [ ] ",Knossos
411," da-wo / a-ma , e-pi-ke-re GRA 10(3)00[OLIV+A 70 OLIV+TI 20 PYC+O (1)2[",Knossos
412,"sup. mut.
 ](na)-(ro) GRA 5
 ]-do-we-i , ma-so-qe GRA 8
 ] vacat
 ] GRA 402 OLIV+A 52",Knossos
413, ](ni)-jo / di-ka-ta-de NI 10 ma-(sa)[,Knossos
414,".1 ka-ma[
.2a di-pa-te[
.2b ka-[
.3a i-je-[
.3b ]ka-ma[
.4a sa-i-[
.4b i-je-[ ",Knossos
415,"side 2 (verso)
ke-ki[",Knossos
416,"sup. mut.
 ] e-u-ko-me[
 (pe)-qe-(u)[ ]vacat[inf. mut.",Knossos
417, ja-na-ti[,Knossos
418,"sup. mut.
 ](da)-*22-to HORD [
 ]*22-to (HORD)[inf. mut.",Knossos
419,pu-na-si-jo / ti-mi-(nu)-(wo)[KO T 5 [,Knossos
421,ru-ki-ti-jo ko-ri-ja-do-no AROM 2 T 6,Knossos
422,ru-ki-ti-jo ko-ri-ja-do-no AROM 1 T 6,Knossos
423,a-ka-re-u / pa-i-to AROM 9 T 2,Knossos
424,".A po-ni-ki-jo M 5
.B qa-mo / ko-ri-ja-do-no AROM 1 ",Knossos
425,lat. inf.ta-u-na-so KO V 1[,Knossos
426,su-ri-mi-jo po-ni-ki-jo M 3 ko-ri-ja-do-no T 5 [,Knossos
427,".A po-ni-ki-jo M 3
.B su-ri-mi-jo / ko-ri-ja-do-no T 5",Knossos
428,".1 a3-ta-jo / ku-ta-ti-jo[ ](AROM) 1
.2a ri-wi-so[ ] ko-ri[ ]
.2b tu-to / ku-ta-ti-jo [ ]AROM 1",Knossos
429,".A po-ni-ki-jo [
.B pu-na-si-jo [",Knossos
430,".a ] a-pu-do-si ko-ri-ja-do-no T 5
.b ](ti)-jo",Knossos
431,".a ] ko-ri-ja-do-no
.b ]jo AROM 1",Knossos
432,".A po-ni-(ki)[
.B qa-ra-jo / ko-ri-ja-do-no AROM (2) [",Knossos
433,"da-wa-no , e-we-de-u [",Knossos
434,".a po-(ni)-ki-jo
.b *56-ko-we-i-jo / a-pu-do-si M 5",Knossos
435,".A ]pa-ra-u-jo a-pu-do-si po-ni-ki-jo M 1
.B ] vacat",Knossos
436,".A ] po-ni-ki-jo M 4 N 1
.B ] du-ni-jo [",Knossos
437,da-wi-jo / a-pu-do-si po-ni-ki-jo di-ta-ka-so M 8 N[ ](o)[e-pu2-no / po-ni-ki-jo M 8 N 1 o M 1 N 1 ,Knossos
438,".a a[
.b ti-ri-ti[",Knossos
439,"ku-ta-to , / ku-pa[",Knossos
440,"]2 pa-de , PYC T[
 ][ [ (wa)-du-ri ] ][",Knossos
441,".a ]te-ra [
.b ]do-si CYP 10 o-pe-ro[",Knossos
442,"da-*22-to , / o-pe-ro , *171 (4)[ ] PYC 26 T 3ku-ta-to , / o-pe-ro , *171 (4) PYC 15",Knossos
443," ]*83-re-jo-de T 1 ]ni-so-de , / ku-pa-ro T 1",Knossos
444,".a ku-pi-ri-jo
.b tu-wi-no , / ku-pa-ro AROM+PYC 1 [",Knossos
445,".a ](za)-we-te-ra [
.b ](pu)-do-si AROM+PYC 10[",Knossos
446,".1a ] ku-pa-ro *171 2[
.1b ]to a-pu-do-si [
.2 ](4) T 5 o-[
.3 ] vacat [",Knossos
447,ku-ta-ti-jo[ko-ri-ja-do-no[,Knossos
448,".a ] pe-ma
.b ](ma)-ri-ne-we , / ko-ri-ja-do-no , AROM 10",Knossos
449,"Chadwick & Ventris 1973:
 ]-ri-ne-we pe-ma , ko-ri-ja-do-no , *123 10",Knossos
450,wa-na-ka-te pe-ma AROM 10,Knossos
451,"wa-na-ka-te , / [ [ko] ] pe-ma AROM 10",Knossos
452,".a ko-ri-ja-do-no
.b tu-wi-no-no , / ku-pi-ri-jo AROM 6",Knossos
453," ]-ni-jo , / ku-pi-ri-jo AROM 5",Knossos
454, ](ko)-(ri)-ja AROM 5,Knossos
455,]-do AROM 6,Knossos
456,".1a ]pe-ma
.1b ]ja-do AROM 1 (T)[
.2 ]-ni-jo , AROM[ ",Knossos
457,"lat. inf.
 ]mi-dwe , AROM 10[",Knossos
458,"ko-sa-ma-to , / ko-ri-ja-do-no T 2",Knossos
459," .a ] a-ka-wo [
.b ] ko (AROM)[",Knossos
460,".1 wo-de-(wi)-jo-jo , / me-(no)[ // ]ri-jo-de ,
.2 ko-no , MA 3 ko-(ri)[ ]2 pa-de-i , ko-no MA 2 KO T 1[
.3a ] pa-si-te-o-i ,
.3b pa-sa-ja , ko-no , [ ] a-mi-ni-so-de , (MA) 2",Knossos
461,te-o-po-ri-ja / ma-sa PYC T 1,Knossos
462,".a ]wo-ne-we [
.b ](po)-ni-ki-jo[",Knossos
463,"sup. mut.
.1 ]-(si)-(jo) / o-pe-(ro)[
.2 (da)-(wi)-(jo) / (ki)[
.3a ](do)-si
.3b ra-je-(u) , [ ](ta)-(no) AROM 1(1) o 2
.4a (a)-(pu)-do-si
.4b pu-(na)-si-jo / ki-ta-no AROM 11 o 1[
.5 vacat
.6 to-sa AROM 58
.7 (to)-sa-de / o-pe-ro AROM 31
.8 vacat",Knossos
465,"sup. mut.
.1a ] a-pu-do-si
.1b ]ki-ta-no AROM 13 o AROM 1(1)[
.2 ](6)5
.3 ]AROM 35 [",Knossos
466," ]ki-si-ja , AROM 12 [",Knossos
467,]-(ni)-ja AROM (5),Knossos
468,"pa-i-ti-ja , AROM 34[
 ] vacat [ ] vacat [",Knossos
469,]do-si PYC+QA (9)[,Knossos
470," ] me-no , [
 ]MA 2 pa-(sa)[
 ] , pa-ra-[",Knossos
471," ]-ti-jo , ka-to-ro X ko-ri-ja-do-no [ [ (T) 6 ] ]
 ](o) T 3 ta-si-ko-(no) X T 7 o T 3
 ](T) 7 o T 3[ ][ [ ] ][
 ](si)-jo X T 2[
 ](T) (5) o T (2)[",Knossos
472,"](si) po-ni-ki-jo M 2
] vacat",Knossos
473,".a ]ki-jo M 1(4)[
.b ] vacat ",Knossos
474," ]ni-ki-jo M[
 ] vacat [",Knossos
475, ma-ri[,Knossos
476," ]pa-ro PYC[
inf. mut.",Knossos
477,"sup. mut.
 ]ni-ki[",Knossos
478," ]*209VAS 2 [
 ](te)-o ME+RI *209VAS 1[
 ] vacat [",Knossos
479, to-so / e-te-jo *209VAS 542 (*172)[,Knossos
480," ](i)-to , / da-nwa ME+RI *209VAS+A 16 *172 8",Knossos
481,"pa-si-te-o-i / me-ri *209VAS 1da-pu2-ri-to-jo , / po-ti-ni-ja 'me-ri'*209VAS 1",Knossos
482," ] me-no
 ]o-ne me-ri *209VAS+A 1",Knossos
483,"] a-mi-ni-so , / e-re-u-ti-ja ME+RI *209VAS 1
]pa-si-te-o-i ME+RI *209VAS 1
]o-ne ME+RI *209VAS 1",Knossos
484,"] a-mi-ni-so e-re-u-ti-ja ME+RI *209VAS 1
] pa-si-te-o-i ME+RI *209VAS 1
 ](ke)-(ne) ME+RI *209VAS 1",Knossos
485, ]to / o-pe-ro *209VAS 'ME+RI' 20,Knossos
486, ]-to / o-pe-ro 'ME+RI'*209VAS 20,Knossos
487,".a ]-na [
.b ] *209VAS 2 [",Knossos
488," lat. inf.
 ]ku-do-ni-jo , [",Knossos
489," ma-ri-ne-we , / do-e-ra 'ME+RI'*209VAS+A [",Knossos
490," ] , me-na , pa-si-te-(o)[
 ](si)-da-o-ne , ME+RI [",Knossos
491," ma-ki-ro-ne , / ku-pi-ri-jo , 'ME+RI'*209VAS+A 6[",Knossos
492," ]-to , a-pa-(to)[
 ]o-ne ME+RI[",Knossos
493," ](me)-no
 ]2",Knossos
494," ](pe)-ru-(si)-[
 ](jo) (za)-we-(te)-(ro) *209VAS[ ",Knossos
495," lat.inf.
 ]me-zo-e *209VAS[",Knossos
496, ](o)-pe-ro *209VAS 'ME' 5 [,Knossos
497," ]ra-e-ri-jo me-no[
 ] LANA 1 M 1 me-ri (S)[",Knossos
499," ]-ko-(de)
] ME+RI *209VAS (1)[",Knossos
500," ]me-no
 ] vacat",Knossos
511," ](ni)-jo , / a-pu-da-se-we
 ]1 VIN 16(8)
 ] VIN 100
 ]25 VIN 75[
 ](to) [ ]125 VIN 155",Knossos
512," ]si-jo , VIN[ ] vacat [",Knossos
513," ]su-za ARB 1770
 ](jo) ARB 405
 ]'(i)-po-qa'ARB 10[ ] ARB 17 *174 20
 ] [ [ 4] ]
 ]365 *174 225
 ] [ [ ] ] ",Knossos
514," ](qa)-ra , / jo-e-ke-to-qo , wo-na-si , (si)[
 ] we-je-we *174 420 su ARB 10(4)[",Knossos
515," ] *174 6(9)[
 ]su-za ARB 53[
 ] pu-ta *174 [",Knossos
516,".a ]no HORD 1 a[
.b ]ni-ja-we-jo [",Knossos
517,"Killen & Olivier 1989:
 ] , [ . ]-(na) , e-ko-si , a-pi , ku-do-ni-ja / pa-sa ki-ri-ta LUNA 1
 ]pu2-wi-ja-qe , *56-ko-we-i-ja-qe LUNA 4
 ]*22-ti-ja , ku-ta-ti-ja-qe , po-ti-ni-ja-we-ja , a-pu , ke-u-po-de-ja
 ] LUNA 4",Knossos
518,"]-(di) e-ko-si ku-do-ni-ja pa-sa ki-ri-ta MONTH 1
 ]-ja-qe pa3-ko-we-i-ja-qe
 ]-ti-ja ku-ta-ti-ja-qe po-ti-ni-ja-we-ja a-pu ke-u-po-de-ja MONTH 4",Knossos
520," ] di-ka-ta-de[
 ](ro) (PYC)+O (6)[",Knossos
521,"](sa) , *221VAS 1 *229VAS 1
]de-wa-pi , ko-no-ni-pi , *217VAS 1",Knossos
522,"] 300 *210VAS+KA (9)00[
] 300 *210VAS+KA 900 da-mi[",Knossos
523,"sup. mut.
](di)-pa AES *214VAS+DI 30[qe-ro2 AES *255 • 1(6)ku-ru-su-*56 • *207VAS 1pi-ri-je • ZE 1
] 'me-no-(no)'[
inf. mut.",Knossos
525,".A ] ke *222VAS 7
.B ] ku-pi-ri-jo / (ke) *202VAS 1",Knossos
526, a-ro-we *212VAS+U 1,Knossos
527, ]*47-ti-jo *212VAS+U[,Knossos
528," ]ka-ra-re-we *210VAS 180
 ](pi)-ja-qe
 ] vacat
 ]no , VIR 1
 ](to) VIR 1
 ]do-ke-u ,",Knossos
529," ] vacat
 ]*202VAS+DI 75 / me-wi-jo-e , [ ]4 *202VAS+DI 40[
 ]35 / me-wi-jo-e[ ](*202VAS)[
 ] vacat [",Knossos
530,"], ke-ra-a , *227VAS [
]me-no , ne-qa-sa-pi , *227VAS 1
]-te-te , ku-ru-so , [ [ (ku)-(ru)-(so) ] ]
]qa-sa-pi , *218VAS 3
inf. mut.",Knossos
531," ]we u-do *211VAS+PO 32[
 ]-we *211VAS+PO 2(5)[
 ]we *211VAS+PO 22 [",Knossos
532,"] , qa-si-re-wi-ja , di-pa , a-no-wo-to [pe-ri-ta , qa-si-re-wi-ja , di-pa , a-no-wo-to , [wi-na-jo , qa-si-re-wi-ja , di-pa , a-no-wo-to [i-da-i-jo , qa-si-re-wi-ja , di-pa a-no-wo-to [sa-me-ti-jo , qa-si-(re)-(wi)-ja , di-pa , a-no-wo-to [i-je-re-wi-jo , qa-(si)-(re)[ ]-(ja) , a-no-wo-to *202VAS 10 po-ti-[",Knossos
533," a-tu-ko / de-ra[ ], ma-te-u-pi , *212VAS+(U)[",Knossos
534, me-wo-(ni)-jo *212VAS+(U)[,Knossos
535, te-ra-po-si-jo[,Knossos
536,".A ] 'pa-we-a'TELA3 30[
.B ] , ku-do-ni-ja LANA[",Knossos
537, ]u-ka LANA[,Knossos
538,".A ] pa-we-(a) TELA [
.B ]ku-ru-so-no , / me-zo LANA 40[",Knossos
539, ] to-u-ka LANA [ ]2[,Knossos
540,".a 'wa-na-ka-te-ra'TELA(3)+TE (4)0 LANA 100[
.b se-to-i-ja , / tu-na-no TELA(1) 3 LANA [",Knossos
541,se-to-i-ja wa-na-ka-te-ra TELA+TE (40) LANA 2(00) tu-na-no TELA 3 LANA [,Knossos
542,".A ] 'pe-ko-to'TELA1+TE (10) TELA2+TE 14[
.B ](da)-wi-ja / tu-na-no TELA1 3 LANA[",Knossos
543,da-wi-ja pe-ko-to TELA+TE (10) TELA+TE (14) [ ] tu-na-no TELA 3 LANA [,Knossos
544,".A ] 'pe-ko-to'TELA1+TE 2 TELA2+TE (19) LANA 153
.B  ](e)-ki-si-ja / tu-na-no TELA1 2 LANA 6",Knossos
545,".A 'pa-we-a'ko-u-ra TELAx[
.B e-ra-ja / tu-na-no TELA1 1[",Knossos
546,".A TELA2+TE (3)0 [
.B ri-jo-ni-ja / tu-na-no TELA[",Knossos
547,".A ] pa-we-a ko-u-ra TELA1 40 LANA 60[
.B ]ja / tu-na-no TELA1 3 LANA 12 TELA+TE 7 (LANA)[",Knossos
548,".A ] 'pa-we-a ko-u-ra'*161 TELA1 15[
.B ](a)-ra-ka-te-ja / tu-na-no TELA1 [",Knossos
549,"] 'pa-we-a'ko-u-ra TELA1 16 LANA 26 M 1 [
 ](ku)-wo / tu-na-no TELA1 1 LANA 3 TELA+TE 4 LANA 28[",Knossos
550,]-(ku)-wo pa-we-a ko-u-ra TELA 16 LANA 26 M 2 tu-na-no TELA 1 LANA 3 TELA+TE 4 LANA 26,Knossos
551,".A TELA1+TE [
.B tu-ri-si-ja [",Knossos
552,".A pa-we-a , ko-u-ra '*161'TELA1 10[
.B e-ro-pa-ke-ja / tu-na-no TELA1 (1)[",Knossos
553,".A ta-ra-si-ja pa-we-a [
.B ke-ri-mi-ja tu-na-no [
.C to-sa / pe-ko-to [",Knossos
554,".A ] 'ta-ra-si[' ]pa-we-a[ ]TELAx 200
.B ] tu-na-no[ ]TELA1 48 a-ro-zo 'ki-to'TELA1
.C ]sa / pe[ ]18 TELA(2)+TE 267",Knossos
555,".A 'pa-we-a'ko-u-ra TELA1 3[
.B da-te-we-ja / [",Knossos
556,".A ] TELA1+TE 22 LANA 15(4)
.B ]ja-pu2-wi-ja",Knossos
557,".A TELA1+TE 11[
.B qa-mi-ja / tu[",Knossos
558,pa-i-ti-(ja)[,Knossos
559, tu-ni-ja[,Knossos
560," ko-no-so , / (ko)[",Knossos
561," ko-no-so , / te[",Knossos
562,".A 'pa-we-a['
.B ] a-mi-ni-so / ko-u-re-(ja)[",Knossos
563,".A 'pa-we-a' [ ] TELAx 1(1)0 LANA 140[
.B e-me-si-jo-jo , / tu-na-no TELA1 (3) LANA 9 pe TELAx+TE 2 TELA1[ ]+TE 10[ ",Knossos
564,".A ]u-ra TELA1 50 LANA 82[
.B ]2 LANA 6 TELA1+TE 10 LANA 70[",Knossos
565,".a ]tu-na-no TELA2 1 LANA 3
.b ] TELA2+TE (2)0[ ] vacat",Knossos
566,".A pa-we-a ko-(u)[
.B ne-we-wi-ja / [",Knossos
567,".a [ [po-pu] ] e-pi-qe (re)-si
.b e-ra-ja / TELA(1)+TE 1",Knossos
568,".A ] 'pa-we-a'TELA4 40[
.B ]no , / ko-u-re-ja LANA (3)0[ ",Knossos
569,"side 2 (verso)
 ] to-u-ka (LANA)[",Knossos
570,".A ](TELA)x 30 LANA [
.B ](na)-no TELA1 6[",Knossos
571,".A o-pi-si-ri-ja-we [ ]-to 're'TELA1+TE 1 LANA 20[
.B ] e-qe-si-jo (TELA)x[ ] LANA 140 [
.C i-ja-pu2-we / [ ] tu-na-no (TELA)x[ ](1) LANA 3 [",Knossos
572, a-mi-ni-so[,Knossos
573, ]-a ra[,Knossos
574,"lat. sup.
]-so-(ma) [",Knossos
575,".A ] TELA1+TE 4 TELA2+TE 10[
.B ](tu)-na-no TELA1 2 (LANA)[",Knossos
576,".A ] 'pa-we-a'ko-u-ra '*161'TELA1 10[
.B ]ja / [",Knossos
577,".A ] 'pa-we-a'TELA3 12 3
.B ](we)-ri-jo-jo , / ku-do-ni-ja LANA 18 ",Knossos
578, ]to-u-ka LANA 4,Knossos
579,".A '](pa)-(we)[' ] ko-u[ ]2(4)0[
.B ]we-si-jo-jo [ ] TELA1 10[",Knossos
580, ]da-wi-ja / tu[,Knossos
581, ]*22-ti-ja [,Knossos
582,"]ne-ja , / vacat [",Knossos
583,".a pe-ne-we-ta a-ro2-a *158 1
.b pa-we-a , / e-qe-si-ja , re-u-ko-nu-ka , TELA3 25",Knossos
584,".a pe-ne-we-ta , a-ro2-a *158 1
.b pa-we-a / e-qe-si-ja re-u-ko-nu-ka TELA3 25",Knossos
585,".a e-re-tu-(ta)-pi
.b pa-we-a , / ke-se-nu-wi-ja , re-u-ko-nu-ka TELA3 35 *158 1",Knossos
587,".a re-u-ko-nu-ka [
.b pa-we-a , / ke-se-nu-wi-ja [",Knossos
588,".a (e)-(qe)-si-ja
.b pa-we-a , / pa-ra-ku-ja TELA3 30 *158 1",Knossos
589,".a po-ki-ro-nu-ko , o-[
.b pa-we-a / o-re-ne-ja , [",Knossos
591,".a ]o-re-ne-ja , a-ro2-a [
.b ]qe-si-ja , re-u-ko-nu-ka[",Knossos
592," ]ki-ro-nu-ka 'o-pi-qi-na'TELA2 4
 ]ro , e-ta-wo-ne-we o-nu-ka TELA2 5 ",Knossos
593,"lat. inf.
 ]to-sa TELA 15",Knossos
594,".a ] re-u-ko-nu-ka e-ru-ta-ra-pi
.b ] ke-se-nu-wi-ja , TELA2 25",Knossos
595," to-sa , po-ki-ro-nu-ka TELA2 24 re-u-ko-nu-ka TELA2 372ko-ro-ta2 TELA2 14 *56-ra-ku-ja TELAx 42 po-ri-wa TELA2 1 ",Knossos
596," ] re-u-ko-nu-ka[
 ]ta-wo-ne o-nu-ka [",Knossos
597, ]e-ro-pa-ke-ja o TUN+KI 1[pe TUN+KI 8 [,Knossos
598, wi-jo-qo-ta-o po-ki-ro-nu-ka TELA 1 [re-u-ko-nu-ka TELA1 37 ko-ro-ta2 TELA2 [,Knossos
599,lat. inf.to-sa TELA 40 o TELA1 6[,Knossos
600,".a ] pa-we-a [
.b ]ko-ro-ta2 TELA2 [",Knossos
601,".a ] e-ru-ta-ra-pi [ [re-(u)] ][
.b ]a / ke-se-ne-wi-jo , / re-u-ka[",Knossos
602,"pe-ki-ti[
re-u-(ko)[",Knossos
603,".1 ](ki)-ro-nu-ka , *161 TELA2 3 ki-ri-ta , / e-re-ta-ra-pi , *161 TELA3 [
.2a ] e-ru-ta-ra-pi [
.2b ](TELA)x 2 ke-ro-ta , / *161 ki-to-na TELAx[",Knossos
605,".A ] a-*34-ka TELA3+PA [
.B ]a2 , / ke-ro-ta , *161 ki[",Knossos
607,".A a-*34-ka TELA3+PA 1 [
.B pa-we-a2 , / o-re-ne-ja *161 ki-to-pi[",Knossos
609,".A ] ti-ri[
.B ]a2 , / ke-ro-(ta)[",Knossos
610,"sup. mut.
 pa-we[
inf. mut.",Knossos
611," ]TELA2 1 [
 ]ta-wo-ne TELA2 1[",Knossos
612," ]ko-nu-ka TELA2 13 [
 ]o-nu[ ] TELA2 7 [",Knossos
613, ] po-ki-ro[']nu-ka' (o)[,Knossos
614, ]nu-ka [,Knossos
615,".1a ] o-nu[
.1b ]TELA(2) 13 pa-ro , e[
.2 ] vacat [",Knossos
616," da-*22-ti[
 ] pa-ro , e[",Knossos
617, ]*161 *34-ka[,Knossos
618," o-a-po-te , de-ka-sa-(to) , a-re-i-jo , o-u-qe-po[pa-i-ti-ja , 'pe'TELA+TE 2 mi TELA1+TE 1(4) da-wi-ja , pe TELAx+TE 1[do-ti-ja mi TELA+TE 6 qa-mi-ja TELA1+TE 1[ko-no-so , / te-pe-ja mi TELA+TE 3 tu-ni-ja TELA1+TE 1 [
 ] vacat [ ] vacat [",Knossos
619,"]ra-wo , de-ko-to '(ta)-ra-si-ja' ne[
 ]ja TELA1+TE 2 ri-jo-ni-ja TELA1+TE[
 ]ri-jo TELA1+TE 6 da-mo-ko[
] vacat [",Knossos
620,"sup. mut.
 ](si)-ja [a-mi-ni-si-ja [se-to-i-ja 'wa' 2[tu-ni-ja 2[we-we-si-jo (1)[",Knossos
621," e-ki[ ]-ja TELA1+TE [
 ](ja) / a-pu-do-si TELA1+TE [pa-i-(to) / ko-ma-we-(to) TELA1+TE [",Knossos
622,".1 o-pi , [ ']e-ko-so' [
.2a ] TELAx+TE (1) [
.2b *56-ko-we / o-pi TELA+TE 1 // tu-ni[",Knossos
623,".1a ](a)-pu-do-si [
.1b ](wa)-de TELA1+TE [
.2 ] vacat [",Knossos
624," ']-ko-si-(ja)' [
 ]ja mi TELA1+TE 11[
 ] TELA1+TE[
 ] vacat",Knossos
625,".1a mi-ja-ro , e , pa 4 e , pa 6 e , pa 12 ",Knossos
626,".1b *56-po-so 1 wa-wa-ka 1 TELA1+TE 1 ru-ki-ti-ja pe TELA+TE 1 wi-da-ma-ta2 , mi TELA1+TE 1 ",Knossos
627,.2b po-po pe TELA1+TE ta-su mi TELA+TE 1 ko-re-wo mi TELA+TE 1 di-*65-pa-ta mi TELA+TE 1 ,Knossos
628,.3b ru-sa-ma pe TELA1+TE 1 na-e-(ra)-(ja) pe TELA+TE 1 qe-pa-ta-no pe TELA1+TE 1 ,Knossos
629,".4b [ ]tu-na-no , ru-nu TELA1 1 [ ](TELAx) 1 ",Knossos
630,.5 (pa)-(ro) no-si-ro TELAx+TE 3 ,Knossos
631,.6 da-wo to-sa te-[ ] [ [ (mi) (TELA+TE) ] ] pa-ra-ja (mi)TELAx+TE 7 [ ,Knossos
632,lat. inf..a a-ze-ti-(ri)-ja ne-ki-ri-de [ ,Knossos
633,".b o-pi , ma-tu-(we) o-nu-ke LANA 1 o-pi , po-ni-ke-ja [",Knossos
634,".a ]pa-we-pi [
.b ](ro) TELA2 [",Knossos
635, we-we-e-a '*161'TELA3+PA 6 / u-po-we TUN+RI 2,Knossos
636, ]-da-na / to-ni-ja TELA2 2,Knossos
637, ]ta-ra-jo TELA3+ZO (1)[,Knossos
638," ]o-pe-ro [ ] pe TELA3+PU 3
 ]sa-me-u[ ] vacat",Knossos
639, a-du[,Knossos
640,".a me[ ]-ta [
.b po-ku-ta / pa-i-to TELA3+PU 34[",Knossos
641,".a ]-ta [
.b ] TELA2+PU 415 ",Knossos
642,".a ] me-zo-e [
.b ]ka-ta-ri-ja , / re-u-ka TELA4+PU 10",Knossos
643, ]ko-ru-we-ja TELA(2)+PU 84,Knossos
644,".a o-pe-ro 'pe'TELA2+PU 38
.b qa-ra / i-se-we-ri-jo",Knossos
645," po-pu-re-ja , / pu-ka-ta-ri-ja TELA3+PU 21",Knossos
646, do-ti-ja TELA2+PU (5)0[,Knossos
647,".a ] ka[
.b ]pi / qo-u-qo-ta [",Knossos
648, do-ti-ja / (o)[,Knossos
649, ka-to-ro [,Knossos
650,".a qe-te-o TELA2[
.b po-po TELA2 4 [ ",Knossos
651,"
[ [ a-mi-si-ja TELA(1) 12 ] ][",Knossos
652, su-(ri)-mo TELA1+PU 29 TELA+KU 2[,Knossos
653," do-ti-ja , LANA 18 pe-re-ke *164 3ka-ma LANA 12 *164 2sa-mu-ta-jo LANA 24 *164 4",Knossos
654,".a ]qe-re-jo [
.b ]ku-da-ra-ro TELAx+(PA)[",Knossos
655, e-ko-so / po-ki-ro[,Knossos
656," ']si'te-jo , ka-[
 ]TELA(2) 66 [",Knossos
657, o-pi / po-po [o-pi / a3-ka-ra ri-(ta)[,Knossos
658, ]ra-wo *158 2 [,Knossos
659,".Aa ] a-ro2-a TELA2 3 [
.Ab ] LANA 3 TELAx[
.B ](ru)-wo-we-ja / [  ",Knossos
660,"i-ku-tu-re , ru-si-qe , a-pa-i-ti-jo , ze-me-qe[a-qo-ta , TELA1 (8) zo-ta-qe , TELA1 13 [
(po)-[ ] , e-[ . ] , ku-do-ni-ja-de , di-du-me , o-qo-o-ki-te [",Knossos
661,"]ki-ro-nu-ka *161 TELA1[
 ](re)-u-ko-nu-ka *161 TELA1[ ",Knossos
662," nu-wa-i-ja , / pa-we-a *161 TELA3 30[ [ ] ]",Knossos
663,".Aa ] vacat [ ]o-pe-te-wo-qe *161[
.Ab ] vacat [ ]si-ja , o-re-ne-a TELA1[
.B ](pu)-ra , / e-ni-qe , pe-ne-we-ta *161 TELA1 4 TUN+KI 2 TUN+KI[",Knossos
664,".a ] ri-ta , pa-we-a [
.b ]da-te-we-ja TELA1 1 TUN+KI 1",Knossos
665,".A ] 'nu-wa-ja , pe TELA1[' ] TELA1 17 TUN+KI 3
.B ]ra , / e-ni-qe e-ra-pe-me-na 'nu-wa-ja'TELA1[ ]-ra2 TELA1 1 ",Knossos
666,".a ri[
.b o-pi , / po-po[",Knossos
667," ]o , pa-we-o , e[
 ]nu-we-jo , / pa-we-o[",Knossos
668," ri-no , / re-po-to , qe-te-o ki-to , AES M 1 [sa-pa P 2 Q 1 e-pi-ki-to-ni-ja AES M 1[",Knossos
669,".1a ](ti)-(jo) e-ta-wo-ne-wo
.1b ] o-pa TELA1 6 [
.2 ] vacat
.3 ] vacat
.4 ]2 P 2 e-ne-ro 're-u-ko'N 2",Knossos
670," ]ne-we , pe-ko-to *1641[
 ]i-jo-te , 'ku-su-a-ta-o' 11[
 ](jo)-du-mi wo-ke P (1)[",Knossos
671," ]a-ro2-e TELA3+PU [
 ] me-sa-ta , TELAx+PU[",Knossos
672," ]re-ne-o , po-pu-ro2 [
]o-no TELA2+PU 2",Knossos
673,"
 ]ku-ta-mi [ [(po)-(ma)-no-(ri)] ]",Knossos
674," ra-su-ti-jo , / to-mi-ka[",Knossos
675," ](jo) , / to-mi-ka TELA3 50",Knossos
676," (ka)-ta-ni-ja , po-ro-[ . . ] (pa)-we-a [
 ]ka-ta-ni-ja , ki-to-ne , [ . . ]-(to) [",Knossos
677," ] , sa-de-so , TELA2+PU (1)5 *146(2)[",Knossos
678,".A o-pe-ro pe TELA2+PU 3
.B ti-ri-to / (pi)[ ] vacat",Knossos
679,".a ] pa-ro , re-wa-jo
.b ]ra , pe-ne-we-ta , / e-qe-si-ja , te-tu-ko-wo-a TELA4 6",Knossos
680, ](da)-ku-we-ta / we-we-e-a TELA3 1 TUN+KI 1,Knossos
681,"side 2 verso
 ]a-ko-we-i-ja [ ",Knossos
682,"lat. inf.
 ]-ja-(o) TELA1 [",Knossos
683," ]o-pi , TELA+[
 ] TELAx+PU [",Knossos
684," ]pe-ko-[
 ]te-(pa)[
inf. mut.",Knossos
685,".A ] o-re-ne-ja '*161'[
.B ] pe-ne-we-te [",Knossos
686," ]wa-ja , / ki-to[",Knossos
687,".1a ]-ke-me-na , a-ro-(za)[
.1b ]o-re-ne-ja [
.2 ] 'a-ro-za'TELAx 4 [",Knossos
688," ] , e-ni-qe , nu-(wa)-i-ja , [
 ]a 'a-ro2-a'*161 TELA1 12 po[",Knossos
689,".a ] a-pu-do-si[
.b ] TUN+KI [",Knossos
690,".A ] zo-[
.B ] , e-ni-qe [",Knossos
691,".a ] ri-ta , pa-we[
.b ]te-we , / e-me[",Knossos
692,".a ] , pa-we-a[
.b ]a3-tu-ti-(ja)[",Knossos
693," ] (e)-ni-(qe)[
 ] TUN+KI 3[",Knossos
694,"sup. mut.
 ]si[
 ]re-ja (TELA)x+[ ][
 ](do)-si [",Knossos
695,".A pa-we-(a)[
.B ] ko-pu-ra , / e-(ni)[",Knossos
696,".a ]pi , e-sa-pa-ke-(me)[
.b ]nu-ka [",Knossos
697,".a ] qe-te-o TELA1 2[
.b ]-ra / TELAx 4 po TELAx[",Knossos
698,".a ]-za TELA1[
.b ]re-ja [",Knossos
699, ]we-we-si-jo[ ]TELAx (5)0[,Knossos
700," ra-je-we , / to-mi-ka TELA(2) 1(2)[",Knossos
702, ]ra / to-mi-ka TELA3 60[,Knossos
703, ]-so TELA(3)+PU 100 [,Knossos
704,".a ]te-ro [
.b ](ki)-jo-ne-we TELA1[ ]+PU[",Knossos
705,".A ] a-ro2-e TELA3+PU 60[
.B ]sa / me-sa-ta TELA(2)+PU 100 [ ",Knossos
706,"lat. inf.
 ] to-sa (TELA)[",Knossos
707,".a ]so , pa-ke-we [
.b ]ki-to-ni-ja 63",Knossos
708, ]e-ra-ja TELA(2) 6[,Knossos
709,".a ]qe-te-o [
.b ] (TELA)x (10)[",Knossos
710, ]ti-jo / to-mi-ka TELAx 30,Knossos
711, ](mi)-ka TELAx 1(3),Knossos
712,".a ] o-pi-si-ri-ja-we pe-ko-to (TELA)x[
.b ](TELA)x 2 ko TELA1 2 re TELA(1)[",Knossos
713,".a ] ri-ta , [
.b ]e-me-(si)-jo-jo [",Knossos
714,".a ] qe-te-o [
.b ]-u TELA 2 [",Knossos
715," ]a-(ro)-zo[
inf. mut.",Knossos
716," ] po-ki-ro-nu[
 ]re-(u)-(qe)-pi[",Knossos
717," ]-nu-(ka)[
 ] vacat [",Knossos
718,".A ] *150 16 CAPf 10 [
.B ]da-*22-ti-jo CORN 12 *142 M 6[",Knossos
719,OVISf (63) (o) o-pi (CORN) [,Knossos
720,".A 'da-wa-no'*150 29 CAPf 16
.B u-qa-mo / da *150 1 *142 M 13 CORN 2(6)",Knossos
721,".A 'a-pa-sa-ki-jo'*150 28 CAPf 17
.B ku-ta-to / *142 M 12 CORN 24",Knossos
722,".A ] si-nu-mo-ro *150 16 CAPf 10 [
.B ]da-*22-to / *142 M 7 CORN 14 [",Knossos
723," to-sa *150 345 CAPf 208[
 (ke)-[ . ] *142 L 5 M 4 CORN 345[",Knossos
724,".A ] a-ko-ro-ta *150 23 CAPf 15 [
.B ]ta-to / qe-wa-ra *142 M 10 CORN 20 [ ]vacat [",Knossos
725,".A ] a-wa-so , *150 14 CAPf 7[
.B ]-so / *142 M 6 CORN 12[",Knossos
726,".A *150 [
.B ja-qo , / da-wa-no , *142[",Knossos
727,".A ']ra-wo-qo-no'*150 61 CAPf 30 [
.B ](ri)-(to) / a-re *150 1 *142 M 26 CORN 52[",Knossos
728,".A ] 'a-pa-u-ro'*150 10[
.B ]jo / *142 M 5 (CORN)[",Knossos
729,".A 'te-ru-(ro)'*150 12 CAPf[
.B se-to-i-ja / *142 M 5 [",Knossos
730,".A ](te)-[ ]*150 1(5) CAP 10
.B ]ri-na-(jo)[ ]*142 (M) (7) (CORN) 10[ ] vacat",Knossos
731," ']ke'o-no , o-na LANA 2
 ]da-wi-jo *146 (2)",Knossos
732,".1a ] a-ze-ti-ri-ja
.1b ]te-o o-nu-ke LANA 9 M 2
.2 ]ti-mu-nu-we *146 30",Knossos
733," a-mi-ni-so ke-re-na , re-ne , [e-ne-si-da-o-ne , su-ja-to , *146 1[",Knossos
734,".a o-re-o-po (TELA)x[
.b ze-ne-si-wi-jo / *146 1[",Knossos
735," ]me-no *146
] vacat",Knossos
736," ]ma-wo , *146 1[
 ]po-ti-ni-ja[",Knossos
737," ]ra-e-ri-jo-jo , me-no
]-wi-jo-do pe *146 1",Knossos
738," ]-ja TELA2 1 [
 ]-ja-i *146 3[",Knossos
739," ] *1462 2(4)[
 ]-na M 58 [
] vacat [",Knossos
740, pu-ru[ ]ta [,Knossos
741, zo-wa tu-ri-jo [,Knossos
742, e-ri-sa-ta M 1 [,Knossos
743,]da-so SA M 1,Knossos
744, a-na-ka (M)[,Knossos
745," to-so , a-pu-so-do[ ]mi-ni-so M 20",Knossos
747, ]-di-mi-zo[,Knossos
748, ]qa-ra-su-ti-jo M [,Knossos
749, ]si-da-jo M 1,Knossos
750, wi-pi-o N 3[,Knossos
751, ]-e (M)[,Knossos
752," ]-ta , M (1) [",Knossos
753, ]-wa-ko SA[,Knossos
754, ]-jo M 1,Knossos
755, ]ta-jo M 1 [,Knossos
756, sa-na-so[,Knossos
757, ]ko-ri-jo [,Knossos
758, e-si-[ ,Knossos
759," lat. inf.
o-pe[",Knossos
760," ]jo , i-we [",Knossos
762," ]-ro [
inf. mut.",Knossos
763,"sup. mut.
 ](e)-ri[",Knossos
764,"[ . ]-jo [
inf. mut.",Knossos
765," ]no-ro [
inf. mut.",Knossos
766," ]-(ra)-ma[
inf. mut.",Knossos
767, ]te-we [,Knossos
768, ]-ra-(ro)[,Knossos
769, ka-ta-ra CROC QI 6,Knossos
770, sa-ma-da CROC RO[,Knossos
771, ]ni-ja CROC [,Knossos
772, da-wo CROC Q 1,Knossos
773, ]ti-ja-no CROC P (5)[,Knossos
774, ]na-pi CROC N[,Knossos
775, ]jo-zo CROC P (3) o P 6[,Knossos
776," ](nu)-po , / a-nu-ko CROC N 1",Knossos
777, ]jo / sa-ma-ri-jo CROC [,Knossos
778, ]ma-ki-nu-wo CROC [,Knossos
779," ]-wo , CROC P 9 o [",Knossos
780, ]-si-du-wo CROC N[,Knossos
781," ]-jo , / tu-qa-ni-ja-so CROC N [",Knossos
782, ] e-u-na-wo CROC N 1,Knossos
783, wa-to CROC[ ]N 2 [,Knossos
784,ri-no M [ ] P 2[,Knossos
785, qa-sa-ro-we (CROC)[,Knossos
786, ]-ra-to[,Knossos
787, ]re-o L[,Knossos
788,"a-ka-[ ]-jo-jo , me-(no)[
da-pu2-(ri)[ ]po-ti-ni-(ja) ri *166+WE (22)[",Knossos
789," ] *166+WE 18
 ] e-to-ro-qa-ta 16",Knossos
790,".a ] ko-ro[
.b ]o-nu-ka LANA [",Knossos
791,".a ]ro-to [
.b ]-ta-ma-[",Knossos
792,".a ]to LANA M 1 [
.b ]-ka LANA 2 [",Knossos
793,".a pa-i-to [
.b we-we-si-jo-jo X LANA 11[",Knossos
794,o-pi ti-mu-nu-we LANA 2[,Knossos
795," ](o)-pi , no-nu-we , 'a-ti-pa-mo'pe-re LANA 91
 ]si-da-jo , pe-re 'po-ro-to'LANA 42a-po-te , pe-re LANA 69",Knossos
796," ri-jo-ni-ja , / e-ze-to , to-ro-qoa-to-mo-na , / su-mo-no-qe LANA 14",Knossos
797,".a o[
.b o-pi ki-si-[",Knossos
798,".a ] to-so o LANA 14
.b ](ke)-me-no / au-u-te , a-pe-i-si ",Knossos
799,]ke-re-wa LANA 9 M 1 P 6 ,Knossos
800,"lat. sup.
] o-mu-ka-ra LANA 3 N 2 P 2",Knossos
801,".A (ku)-pi-ri-(ja) LANA 1 M 2 P (4)[
.B ]-ku / ke-[ ]-ja M 2 P (1)[ ",Knossos
802,"lat. inf
 ] sa-mu[ ] 1 qo-ja-te P 1[",Knossos
804,".a 'e-na-po-na , o-nu , pa-i-ti-jo'e-ti-wa-ja-qe (LANA)[
.b qo-ja-(te) a-pu-do-ke , ti-ra [",Knossos
805," ] o-nu-ke LANA 5
] vacat",Knossos
806,".a (ti)-ra
.b a-mi-ke-te-to / ne-ki-ri-si LANA 1",Knossos
807,".a ] e-ki
.b ]jo-ni-ja , / to-sa LANA 30",Knossos
808,".a ne-wo
.b o-pi , po-po LANA 4",Knossos
809,"o-pi a-to-mo-na LANA 2o-pi , po-ro-i-ra LANA 2",Knossos
810," ]e-pi-ro-pa-ja , / o-du-we 'te-o-po-ri-ja'M 2[
] LANA 2 M 1
 ] vacat",Knossos
811,".a a-*65-na [
.b e-re-u-ti-ja LANA 1 [",Knossos
812,".a e-re-u-ti-ja
.b ta-wa-ko-to LANA 1",Knossos
813,".a ]e-re-u-ti-ja
.b ] LANA 4",Knossos
814, a-mi-ni-(so)[,Knossos
815,".a ] pa-(i)-to [
.b ]-ka-ra / a-me-a LANA M [",Knossos
816," ]wi-ri-za LANA [
 ] vacat [",Knossos
817,".A ] ki-ri-ta-i LANA (2)[
.B ] vacat [",Knossos
818," ']ni-ki-jo' (LANA)[
 ] vacat [",Knossos
819,"sup. mut.
 ](nu)-we , o-na LANA[",Knossos
820,"sup. mut.
[ . ]-jo-[LANA M 2[",Knossos
821, ]-ri LANA 4 [,Knossos
822,"sup. mut.
 ]-we LANA M[",Knossos
823,"lat. inf.
] da-i-ra [",Knossos
824," ] wi-ri-za
 ] / su-ri-mo LANA 1",Knossos
825, pa-i-ti-ja M 130[da-wi-ja M 60[,Knossos
826,"
 ]-to M (4)0[ ] M (4)[",Knossos
827,"sup. mut.]ri-mi-jo[]ta-ni-jo[
 ]ri-ti-jo M (6)qa-mi-jo M 6pu-si-jo M 5ru-ki-ti-jo M 9tu-ri-si-jo M 4qa-ra-jo M 9to-so M (4)7 ",Knossos
828,"sup. mut.
 ](mo)-ri-wo-do M (3)
 ]2 mo-ri-wo-do M 3
 ]N 2 mo-ri-wo-do M 3
 ](wo)-do M (1)[",Knossos
829," ] RO (2)
 ]ra-jo / qa-ra-o P 1",Knossos
830,"jo-a-mi-ni-so-de , di-do-[ku-pe-se-ro M 30 me-to-re M [ne-ri-wa-to M 15 pi-(ri)[",Knossos
831, ]ka-te-ro L 4 M[,Knossos
832," ] ri-no M 1[
 ] vacat [",Knossos
833,"sup. mut.
 ](ne)-a M 1[",Knossos
834,"]-to M [
 ]ke [",Knossos
835," e-re-pa-ta , L M 30 ka-[",Knossos
836," ](o)-no M 12 [
 ]-u M 9 [
 ] vacat [",Knossos
837, ]ti-ri-to / di-za-so *168+SE[,Knossos
838, ] su-ri-mo / a-na-re-u *168+SE 14[,Knossos
839, ]qa-ra / re-me-to *168+SE 28,Knossos
840, ]u-ta-no / (te)-(*56)[ ] *168+SE (2)3,Knossos
841, qa-mo [ ]*168+SE 6,Knossos
842,e-ra / ta-si-[ ]*168 (3)0[mu-ka-ra / pa-i-to *168[,Knossos
843, ]to-so *168+SE 217,Knossos
844," ]pa-te , de-de-me-na , [ ](PUG)[
 ]zo-wa , [[e-pi-zo-ta]] , ke-ra , de-de-me-na GUP[",Knossos
845,".A ] e-re-pa-te [ ](ri) (PUG) 18
.B ]qo-jo , / zo-(wa) / [ ](pi)[ ](ke)-ra , de-(de)[ ]me-na GUP 99",Knossos
846, to-sa / pa-ka-na PUG 50[,Knossos
847,"]ko-no , pa-ka-na , a-ra-ru-wo-a PUG (1)[",Knossos
848, ](wo)-a PUG 1[,Knossos
849,".a de-so-mo [
.b a-mi-to-no / pi-ri-te , a-ra-ru-wo-a PUG[",Knossos
850, ]ko-no PUG 2,Knossos
851, da-zo / pi-ri-je-te[,Knossos
852,".a de-so-mo
.b ku-ka-ro / pi-ri-je-te , pa-ka-na a-ra-ru-wo-a PUG 3",Knossos
853,".a ]no / (pi)-re-je-te , pa-ka[",Knossos
855," ]te , pa-ka-na , a-(ra)[",Knossos
856,"] a-ra-ru-wo-a [
]ko-no , pa-ka-na [",Knossos
857," ]ka-na , a-ra-(ru)[",Knossos
858,".a ]ra-ru-wo-a [
.b ]pa-ka-na (PUG)[",Knossos
859," ](pa)-ka-na , a-ra-ru[",Knossos
860, ]wi-jo / ka-si-ko-no [,Knossos
861, o-wa-si-jo / ka-si-ko-no PUG[,Knossos
862, ]si-ko-no [,Knossos
863, ](u)-ta-jo / ka-si-ko[,Knossos
864,"sup. mut.
 ]ra , de-de-me[",Knossos
865," ](ke)-ra[
inf. mut.",Knossos
866, ]je-ne ZE 12,Knossos
867, ]ke-a / ka-ka re-(a) HAS 12,Knossos
868, ki-ra2-i-jo TUN 2 BIG (1) EQU,Knossos
869, ](ru)-o-wo (TUN) 2 BIG 1 EQU ZE 1,Knossos
870, qa-mi-si-jo [ [ TUN ] ] BIG[,Knossos
871,"side 2 verso
 ]mi-ni-(si)",Knossos
872, me-za-wo TUN 2 EQU ZE 1,Knossos
873, pa-di-jo TUN+QE 2 EQU ZE 2,Knossos
874, ti-ri-jo-qa BIG 1 TUN (1) EQU 1 'e-ko 1',Knossos
875, ](ri)-jo TUN+QE 2 MO[,Knossos
876, o-pi-ri-mi-ni-jo TUN (1) BIG 1 EQU (ZE)[,Knossos
877, ]a-qa-ro TUN [,Knossos
878, po-*34-wi-do [ [ TUN ] ] BIG[,Knossos
879, ku-ru-me-no [ [ TUN ] ] BIG,Knossos
880, a-e-da-do-ro [ [ TUN ] ] BIG[,Knossos
881,a-mi-ni-si[,Knossos
882, me-nu-wa TUN[ ] BIG [,Knossos
883, a-ko-to TUN [,Knossos
884, ta-pa-no BIG[,Knossos
885, ]jo / pu2-re-wa TUN 1 BIG 1 EQU[,Knossos
887, ](no) / e-ro-e BIG[,Knossos
888, ](re)-o BIG 1,Knossos
889,qe-ra-di-ri-jo *165[,Knossos
890, pa-re *165 (1)[,Knossos
891, ]pa-re BIG 1 *165[,Knossos
892, a-ko-to TUN[,Knossos
893, ]*47-u TUN BIG[,Knossos
894, we-wa-do-ro TUN 2 BIG 1 EQU ZE 1[,Knossos
895,(a)-mi-ni-si-jo [,Knossos
896, i-sa-wo [ [ TUN ] ] BIG[,Knossos
897, pa-wa-wo TUN 2 BIG[,Knossos
898, di-so TUN 2 BIG[,Knossos
899, a-ka-to TUN 2 BIG[ ]1 EQU 'ZE' 1 ,Knossos
900,a-re-ka-(tu)[ ](ru)-wo (T),Knossos
901," ka-ro-qo BIG 1 [qa-*83-to DA 3 [
 vacat [",Knossos
902,".a ]pa-ra'-ko' (1) pa-wa-so (1) TUN 1 [
.b ]TUN 1 i-ka-se (1) di-ka[ ",Knossos
903,"side 2
 ] ku-ne[",Knossos
904, a-*64-jo TUN[,Knossos
905, si-mo TUN[,Knossos
906, ]si-jo TUN BIG[,Knossos
907, ](da)-nwa-re BIG 1 (EQU)[,Knossos
908, ](ta)-o EQU (ZE) (1)[,Knossos
909,]a-(*47)-wi[,Knossos
910, ]-(ja) (ka)-wo,Knossos
911," ](ni)-si-jo[
inf. mut.",Knossos
912," ](jo) , to-wo TUN[",Knossos
913, ](mi)-ni-si-jo[,Knossos
914, ]mi-ni-si-(jo)[,Knossos
915, e-wo[ ] (TUN)+(QE)[,Knossos
916,"sup. mut.
 ]si-jo[",Knossos
917,".a ]a-ra-ru-ja , a-ni-ja-pi , wi-ri-ni-jo , o-po-qo , ke-ra-ja-pi , o-pi-i-ja-pi CUR[
.b i-qi-jo , / a-ja-me-no , e-re-pa-te , a-ra-ro-mo-te-me-no po-ni-(ki)[",Knossos
918,".a ] a-u-qe , a-re-ta-to , o-u-qe , pte-no , o-u-qe , au-ro , o-u-qe , pe-qa-to CUR[
.b ](i)-qi-ja , / a-ra-ro-mo-te-me-na , po-ni-ki-ja , o-u-qe , a-ni-ja , po-si , [",Knossos
919,".a e-re-pa-te-jo , o-po-qo , ke-ra-ja-pi , o-pi-i-ja-pi ko-ki-da , o-pa CUR 3
.b ](i)-qi-ja [ ] / a-ja-me-na , e-re-pa-te , a-ra-ro-mo-te-me-na , a-ra-ru-ja [",Knossos
920,".a ]jo , i-qo-e-qe , wi-ri-ni-jo , o-po-qo , ke-ra-(ja)-(pi) [ ] (o)-pi-i-ja-pi CUR[
.b ]i-qi-ja , / ku-do-ni-ja , mi-to-we-sa-e , a-ra-ro-mo-te-me-na [
lat. sup.
] po-ni-ki-ja BIG 1 [",Knossos
921,".a wi-ri-ni-jo , o-po-qo , ke-ra-ja-pi , o-pi-i-ja-pi , o-u-qe , pte-no , [ ]CUR 1[
.b ]i-qi-ja , / po-ni-ki-ja , a-ra-ro-mo-te-me-na , a-ra-ru-ja , a-ni-ja-pi",Knossos
922,".1 ]wi-ri-ni-jo , o-po-qo , [
.2a ] ke-ra-ja-pi , o-pi-i-ja-pi CUR[
.2b ]-to , a-ra-ro-mo-te-me-na , [",Knossos
923,".a ]we-jo , i-qo-e-qe , wi-ri-ni-jo , o-po-qo , ke-ra-ja-pi , o-pi-i-ja-pi CUR (3)[
.b ] / se-to-i-ja , mi-to-we-sa , a-ra-ro-mo-te-me-na [",Knossos
924,".a ](a)-ra-ru-wo-ja , a-ni-ja-pi , wi-re-ne-o , o-po-qo , ke-ra-ja-pi , o-pi-(i)-(ja)[
.b ]qi-ja , / a-ja-me-na , e-re-pa-te [ ] a-ra-ro-mo-te-me-na [ ] po-ni-ja-ja , CUR[",Knossos
925,".a wi-ri-ne-o , o-(po)-qo , ka-ke-ja-pi , o-pi-(i)-(ja)-(pi) CUR 1
.b ]i-qi-ja , / po-ni-ki-ja , a-ra-ro-mo-te-me-na , a-ja-me-na ,",Knossos
926,".a ](ke)-ja-pi , o-pi-(i)-(ja)-(pi) , o-u-qe , po-si , e-re-pa
.b ]me-na , a-ja-me-na CUR 1",Knossos
927,".a ]ja , a-ni-ja-pi , wi-ri-ni-jo , o-po-qo , ke-ra-ja-pi , o-pi-i-ja-pi CUR[
.b ](qi)-ja , / pa-i-to , a-ra-ro-mo-te-me-na , do-we-jo , i-qo-e-qe , po-ni-ki[",Knossos
928,".a wi-ri-ne-jo , o-po-qo , ke-ra-ja-pi , o-pi-i-ja-pi CUR 2
.b i-qi-jo , mi-to-we-sa , a-ra-ro-mo-te-me-na , a-ja-me",Knossos
929,".a ] o-u-qe , a-ni-ja , po-si , CUR 3[
.b ]i-qi-ja , / mi-to-we-sa , a-ra-ro-mo-to-me-(na)[ ]me-na [",Knossos
930,".a ] , o-pa // o-u-qe , pe-qa-to , u-po , CUR[
.b ](i)-qi-ja , / a-ro-mo-te-me-na , o-u-qe , a-ni-ja , po-si , e-e-si[",Knossos
931,".a ke-ra-i-ja-pi , o-pi[ ]ja-pi [
.b o-u-qe , pte-no , po-si , a-ra-ru-ja , a-ni-(ja)-(pi) wi-re-ne-o (o)[
.c i-qi-ja / po-ni-ki-ja , a-ra-(ro)-(mo)-te-me-na , [ [(e)-(re)-(pa)-(te)] ] , do-we-jo [",Knossos
932,".a ] wi-ri-ne-jo , o-po-qo ,[
.b ]qi-ja , / a-ra-ro-mo-te[",Knossos
933,".a ]jo , o-po-qo , (ka)-ke-(ja)-pi , o-pi-i-ja-pi , o-[
.b ](me)-(na) , a-ra-ru-(ja)[",Knossos
934,"sup. mut.
 ]i-qi[",Knossos
935,".a a3-ki-no-o [
.b pte-re-wa / pa-ra-ja , e-te-re-ta , po-ro-ti-ri CUR[",Knossos
936," ] vacat [
 ] , po-ni-ke-a , wo-ra-we-sa CUR 1",Knossos
937, ](ni)-ki-ja CUR[,Knossos
938,".A e-re-pa-te-jo-pi , o-mo-pi [
.B pte-re-wa / e-ka-te-re-ta , a3-ki-no-o (2) e-re-pa-te-jo-pi , [",Knossos
939, pte-re-wa[,Knossos
940," ]we-ja , / pte-re-wa , ka-ke[",Knossos
941,".A e-wi-su-zo-ko , ka[
.B po-ni-ki-ja , / [",Knossos
942," ] e-wi-su-zo-ko , [
 ] , e-re-pa-te-o , o-(mo)[",Knossos
943," ] , po-ni-ki-ja [",Knossos
944, ](pte)-re-wa / wi[,Knossos
945, pte-re-[,Knossos
946,i-qi-ja[] / e-ka-te-jo CAPS[,Knossos
947, ]i-qi-ja / a-na-i-ta CAPS 80,Knossos
948,".a a-re-ki-si-to-jo , o-pa
.b i-qi-ja / a-na-ta , a-na-mo-to , CAPS 80 ",Knossos
949," i-qi-ja , a-na-mo-to , a-ja-me-na CAPS 2(4)",Knossos
950," ]i-qi-ja , a-na-mo-to , a-na-to CAPS 5(6)[",Knossos
951, i-qi-ja / a-ja-me-na CAPS (8),Knossos
952, ]ja / a-na-to CAPS[,Knossos
953, ]i-qi-ja / a-ja-me-na CAPS 24,Knossos
954," ](i)-qi-ja , / a-na-ma-to , a-ja-me-na CAPS[",Knossos
955,".a ] wi-ri-ne-o , o-po-qo , ke-ra-ja-pi , o-pi-i-ja-pi
.b ]qi-ja , / po-ni-ki-ja , me-ta-ke-ku-me-na , CAPS 1",Knossos
956," ] , a-na-mo-ta *245 22 [",Knossos
957, i-qi-ja[,Knossos
958, ](qi)-ja / a-ja-me-[,Knossos
959,"sup. mut.
 ] , a-na-mo-to[",Knossos
960,"sup. mut.
 ](a)-na-i-ta[",Knossos
961,".a ]ja-me-na , [
.b ](a)-na-mo-ta [",Knossos
962, ]e-na-ri-po-to CAPS[,Knossos
963," po-ro-su-re / a-na-to , o CAPS[",Knossos
964," ] CAPS (1)2 [
 ] CAPS 2(1)4 [
 ]-mi-we-te ROTA ZE 21
 ] ROTA ZE 8
 ](ke)-we-ta ROTA ZE 7 a-mo (1)[
 ]o-da-ke-we-ta ROTA ZE 17(2)
 ] vacat ",Knossos
965, ]-ja (CAPS)[,Knossos
966,".A ] qe-ro2 2 e-po-(mi)[
.B ]ra / e-pi-ko-ru-si-jo 2 pa-ra-wa-jo[",Knossos
967," ](qe)-ro2 2 [
 ]ru GAL 1 o-pa-wo-ta[",Knossos
968," ] qe-ro2 1 [
inf. mut.",Knossos
969,".A qe-ro2 2 e-po-mi-jo 2 / o-pa-wo[
.Ba o-pa-wo-ta 2
.Bb to-ra / ko-ru GAL 1 o-pi-ko-ru-si-ja 2 pa-ra-wa[",Knossos
970,".A ]2 e-po-mi-jo (2)[
.Ba o-pa-wo-ta 2 [
.Bb ](ru) GAL 1 o-pi-ko-ru-(si)-(ja)[",Knossos
971,"a-te-re-te-a , pe-te-re-wa 'te-mi-dwe'ROTA ZE [
ka-ki-jo ROTA ZE 1 ka-ko-de-ta ROTA ZE [ki-da-pa , / te-mi-dwe-ta ROTA ZE 41 (MO)[o-da-tu-we-ta / e-ri-ka , ROTA ZE 40[",Knossos
972,".a ]a , a-re-ki-si-to-jo [
.b ](mi)-(dwe)-ta ROTA[
inf. mut.",Knossos
973,".a ] de-do-me-na [
.b ](a)-mo-ta , / pte-re-wa , te-mi-dwe-ta ROTA ZE 2(3) (ROTA) 1 [",Knossos
974,".a ko-(ki)-da , o-pa ne-wa
.b e-ri-ka , / o-da-twe-ta , a-ro2-a ROTA ZE 22 MO ROTA 1",Knossos
975," ](a)-mo-(ta) , / te-mi-dwe-ta , pte-re-wa ROTA ZE 22 ROTA 1[",Knossos
976, ](e)-ri-ka o-da-twe-ta ROTA ZE 35 MO ROTA (1),Knossos
977,".a ] te-mi-dwe-te , [
.b ] , a-re-ki-si-to , wo-zo-me-no , ROTA ZE 1 [",Knossos
978," e-ri-ka , / te-mi-dwe-ta ROTA ZE 2 / MO ROTA[",Knossos
979,".A pte-re-(e)[
.B a-mo-ta / o-da-ku-we-ta ROTA ZE 40 e-ri-(ko)[",Knossos
980," e-ri-ka , o-da-twe-ta ROTA ZE 73 [ [MO ROTA ] ][
 ] vacat [",Knossos
981," a-mo-ta ,/ pte-re-wa , a-ro2-jo , te-mi-dwe-te ROTA ZE 5",Knossos
982," ]e-ri-ka , wo-zo-me-na ROTA ZE 15 [",Knossos
983," a-mo-ta , / e-re-ka , te-mi-dwe-ta ROTA ZE 3 MO ROTA 1",Knossos
984," de-do-me-na a-mo-ta , / pte-re-wa , o-da-twe-ta ROTA ZE 6 [",Knossos
985," e-ri-ka , / o-da-twe-ta , de-do-me-na ROTA ZE (4)6[ ",Knossos
986,".a ] o-pe-ro ,
.b  ]-ja , / a-mo-te , pe-ru-si-nwa , / ta-ra-si-ja ROTA [ [(ZE)] ] 1",Knossos
987,".a ] wa-ra-wi-ta [
.b ]-ta ROTA (ZE)[",Knossos
988, pte-re-wa / te-mi-dwe-ta ROTA ZE 5 [,Knossos
989," a-mo-(ta)[ ]ri-ka , o-da-ke-we-ta ROTA ZE (62)[ ] MO ROTA[
[ [ to[ ] ] ] o-pe-ro ROTA ZE 16 [ ",Knossos
990,"
e-ko [ ] vacat lat. inf. ROTA",Knossos
991, o-pe-te-we / e-ri-ka ROTA ZE 3 [,Knossos
992," pa-i-to , a-mo-ta , pte-re-wa , te-mi-dwe-ta ROTA ZE 3",Knossos
993," pte-re-wa , / te-mi-dwe-ta , ne-wa ROTA ZE 3",Knossos
994,".a ](twe)-te [
.b ]-ri-ko , ROTA [",Knossos
995," ](da)-twe-(ta)[
inf. mut.",Knossos
996, ] wo-ra-e / pa-ra-[ . ]-we-jo *253 2 [,Knossos
997, ]ra / ka-za *253 1 [,Knossos
998,"a-pi-po-re-we *209VAS (6)[
 i-po-no *213VAS 14
 ]-(ro) *212VAS 17 [",Knossos
999,"sup. mut.
 ] me-ri[
 qi[
inf. mut.",Knossos
1000," ]ka-wi-ja , DA 5",Knossos
1001,".a ] a-(pu2)-ka
.b ](te)-ja / za-mi-so , ku-ta-to , DA 1",Knossos
1002,".a ti-ri-to DA 1 ri[
.b  i-wa-ka , ra-mo , / [",Knossos
1003," ]ja / qe-da-do-ro , pa-na-so , DA 1",Knossos
1004, pa-to-ro DA 1,Knossos
1005,"
sup. mut.
 ]ta-na-ti , DA (1)[
inf. mut.",Knossos
1006,"sup. mut.
](DA) (1)[
[ . ]-(ro)-[ . ]-pu DA 1 PA[
pu2-ru-da-ro DA 1 PA 1
di-ra DA 1 PA 2
vacat [
e-te-do-mo , ki-te[
(da)-ru-*56 DA[
(qa)-ra-jo [
inf. mut.",Knossos
1007," ] ke-ke-me-na
 ]-do / e-ke , ti-ri-to , pu-te DA 1 PA 1",Knossos
1008,ke-ke-me-na [ ]-do e-ke ti-ri-to pu-te DA 1 PA 1,Knossos
1009,".a wo-we-u
.b ku-ka-da-ro / qa-ra , pi-di-jo DA 1 PA 3",Knossos
1010," ]te-wa-te-u [
 ](da)-jo / qa-ra , te-[ ]ta-ko-ro DA 1 PA 1 [",Knossos
1011, ]ta / a-ke-re-mo DA 1,Knossos
1012,".a te-re-ta , ke-ma-qe-me , me-ra , [
.b  ko-do , / da-*22-to , ke-nu-wa-so (1)[",Knossos
1013,"Killen & Olivier 1989:
.a ] te-re-ta [
.b ]ra / ti-ri-to , wo-ne-[",Knossos
1014, ko-(to)-i-na [e-ri-ke-re-we / e-ke-pu-te-ri-ja [,Knossos
1015,".a ] o-pi , po-to-ri-ka-ta [
.b ]do-wo / e-ko-so , ke-ke-me-na [",Knossos
1016,o-pi PO-TO-RI-KA-TA [ ]-DO-WO e-ko-so ke-ke-me-na (DA) [,Knossos
1017, a3-ki-wa-to / ti-ri-to[]pu-te[,Knossos
1018,"a-ri-ja-wo / qa-ra , te-re-(ta)[",Knossos
1019," ]-si-jo / ti-ri-to , pu[",Knossos
1020," i-ra-ta / ti-ri-to , pu[",Knossos
1021, ko-to-(i)[pe-ri-qo-ta / e-ke-pu-te[,Knossos
1022,".a ] wo[
.b ]nwa-jo / qa-ra , [",Knossos
1023,".a (ko)-to-i-na
.b pe-ri-je-ja / e-ke , pu-te-ri-ja DA 1 ti-ri-to",Knossos
1024, te-wa-jo[,Knossos
1025," te-ro-ri-jo DA 1
pu2-to DA 1
me-ta-no-re DA 1
mi-ni-so DA 1
e-ke-da-mo DA 1
 ](1)
 ]DA 1
vacat",Knossos
1026,"sup. mut. ka-da-i-to , / pu-te , [",Knossos
1027,".a ](te)-wa-te-u [
.b ] qa-ra , *83-re-te (DA)[",Knossos
1028, ]me-na DA 1,Knossos
1029, ](to)-no DA 7 [,Knossos
1030, te-nu DA 1,Knossos
1031,".a ]2
.b ]ku-no DA 1",Knossos
1032, ](pa)-na-so DA 1,Knossos
1033," ](ra) DA 1
 ]ru-po DA 1",Knossos
1034, ]pu-te[,Knossos
1035, ri-*65-no / a-pe-re QO 1,Knossos
1036, a-ku-wo / pa-ra-ja *256[,Knossos
1037, ] pa-ra-ja *256 1,Knossos
1038, ke-ti-ro *180 1[,Knossos
1039, ]ko-so-ni-ja *246 6,Knossos
1040," ]na-u-do-mo
 ]93 e-to-ro-qa-ta *181 10 [ ",Knossos
1041, ] *182 8 a-pi-te[,Knossos
1042, ](wi)-ja *183 10 [,Knossos
1043," si-ja-ma-to e *177 2
me-wo-ni-jo e *177 2 ma *177 2
a3-ki-si-jo e *177 (2)ta-u-po-no ma [[*177]] (1)
pu-re-wa [ ](ma) *177 (1)pa-na-(re)-jo / ka-u-ja[ ] vacat
de-u-ke-ro [ ] vacat
(do)-ri-ka-no (e) *177[ ] vacat
a3-ki-po e *177[ ] vacat
ke-[ ] ma *177[
a-nu[
e-ke-(nu)-wo [
e-da-[ ]-ni-ja[
ka-pa-ri-jo[
we-ka-di-jo [
pi-ri-sa-ta (ma)[
ku-(ro2) ma[
e-ke-me-de ma *177[
pa-na-re-jo e *177[
se-ri-na-ta e *177[
pa-ke-ta ma *177[
a-wi-to-do-to ma *177[
] ma [
 ]-(no) [ ",Knossos
1044," ] vacat [
 ](me)-(ri)-te-o [
 ] *168 (3)0[ ](a)-[",Knossos
1045, ]de-do-me-na *256[,Knossos
1046,[ . . . ]-re-ta *259 (1)[,Knossos
1047," ]re-u-ka , si-ki-ro [
 ] , DI+PTE 1 [",Knossos
1048, ko-ro-sa-no 1,Knossos
1049, po-ro-tu-qo-no,Knossos
1050, i-mo-ro-ne-u 1,Knossos
1051, mi-ka-ta [,Knossos
1052, ka-ra-na-ta 1 [,Knossos
1053, pe-ka-wo,Knossos
1054, mi-ka-to,Knossos
1055, a-ka-i-jo 1,Knossos
1056, ka-pa-ri-jo,Knossos
1057," wa-na-ka , [",Knossos
1058, po-ru-ka-to,Knossos
1059, a-ka-to-wa,Knossos
1060, ]ka-no,Knossos
1061, e-wi-ta-jo,Knossos
1062, ] a-ki-re-u,Knossos
1063, za-ki-ri-jo,Knossos
1064, ]-qe-wa,Knossos
1065, da-o-ta 1,Knossos
1066, o-ko-te,Knossos
1067, e-u-o-mo[,Knossos
1068, e-pi-da-o 1,Knossos
1069, wo-ra-ke-re[,Knossos
1070, ]ri-to-wo 1,Knossos
1071," a-no-qo-ta , (a3)[ ",Knossos
1072, pe-ri-to,Knossos
1073, a-pi-da-ta 1,Knossos
1074, po-ru-te-we 1,Knossos
1075, wa-ke-i-jo[ ,Knossos
1076, sa-u-ko,Knossos
1077, pi-ra-qo,Knossos
1078, pe-re-wa-ta,Knossos
1079, a-ro-wo-ta 1,Knossos
1080, a-ne-te-wa 1,Knossos
1081, te-re-ja-wo 1,Knossos
1082, wa-ke-i-jo,Knossos
1083, ] pe-ri-to-wo,Knossos
1084, a-pi-re-jo 1,Knossos
1085, pu-mo-ne-[,Knossos
1086, ta-ra-sa-ta 1 [ ,Knossos
1087, ra-wo-ti-jo 1[,Knossos
1088, a-ke-ra-no 1,Knossos
1089, pa-pa-ro,Knossos
1090, ]a-re-jo 1,Knossos
1091, pa-sa-ko-me-no,Knossos
1092, e-re-pa-i-ro,Knossos
1093, a-ne-u-da 1 [,Knossos
1094, (1) di-wo-a-ne[,Knossos
1095, ]re-ka-se-ra-wo  [,Knossos
1096, ][ [jo] ] du-pi-jo,Knossos
1097, a-mi-ni-si-jo,Knossos
1098, wo-ro-to-qo (1)[,Knossos
1099, me-ta-ri-ko-wo,Knossos
1100, di-wi-ja-wo 1,Knossos
1101, ]ma-ti-ko 1,Knossos
1102, ](ti)-ri-jo-qa ,Knossos
1103, e-we-de-u,Knossos
1104,a-ke-ra-wo 1[,Knossos
1105, ti-ma 1 [ ,Knossos
1106, a-ta-no 1,Knossos
1107, ku-ru-ka 1,Knossos
1108, qe-ra-jo [,Knossos
1109, da-*83-jo 1,Knossos
1110, ka-na-a-po 1,Knossos
1111, ]ne-to 1,Knossos
1112, ]-wa-si-jo 1 [,Knossos
1113, ]-di-so 1 [,Knossos
1114, ]ra-wo 1,Knossos
1115, ]-to (1) [,Knossos
1116, ]ma-ra 1,Knossos
1117, ka-sa-to 1,Knossos
1118, ]pa-ta 1,Knossos
1119, ke-pu2-(je)-u 1 [,Knossos
1120, a3-wa-ta,Knossos
1121, a-re-i[,Knossos
1122, pa-ra-ne 1[ [ ] ],Knossos
1123, a-pi-[,Knossos
1124, ]-ra-ko 1 [,Knossos
1125, ]te-ta,Knossos
1126, ]nwa-re,Knossos
1127, ]ne-u,Knossos
1128, ]we-wa-ta,Knossos
1129, ]-re-wa,Knossos
1130, i-ta[,Knossos
1131, ]-ro,Knossos
1132, qe-na-[,Knossos
1133, ka-di-ja[,Knossos
1134, ](we)-ro : a-ka-i-jo :[,Knossos
1135, ] : wa-na-ka[,Knossos
1136, a-ta-ti-(nu) : si-(wa)-[,Knossos
1137, ]-me-no : da-te-[,Knossos
1138, o-[ ]: ko-to : pe-qe-u : o-ko-te : vacat,Knossos
1139,"a-ta-na-po-ti-ni-ja 1 (u)[
 e-nu-wa-ri-jo 1 pa-ja-wo-ne 1 po-se-da[ ",Knossos
1140,"lat. inf.
 [ [ e-ri-nu-we , pe-(ro) ] ] [",Knossos
1141,"a-ta-na-po-ti-ni-ja 1 [
 ] e-nu-wa-ri-jo 1 pa-ja-wo-(ne) (1) po-se-da-(o)-(ne) (1)",Knossos
1143,".a ko-no-si-jo [
.b  e-qe-a-o , a-to-mo 16 [",Knossos
1144," e-u-da-mo , e-we-wa-ta",Knossos
1145,".1a wo-di-jo 1 qo-ta[ ] 1 [
.1b a-ni-(o)-ko [ ] vacat
.2 i-wa-ka 1 ka-pa-ri-jo[ ]ti-jo 1 ki-si-wi-(jo)[
.3 me-nu-wa 1 wi-da-jo (1)[ ]1 di-we-so 1
.4 o-ku-na-wo 1 i-to-ma[ ]-ta 1 a-ke-u 1
.5 pe-ri-ta 1 a-ka[ ] vacat",Knossos
1146," ]te-wa 1 ka-pa-ri-jo 1
] vacat",Knossos
1147,".a a-mi-ni-so
.b pa-ze , / pe-(da) , wa-tu , ",Knossos
1148,"pa-ze , a-mi-ni-so , / pe-da , wa-tu
vacat",Knossos
1149," ]ne-jo[
 ]-te 3 u-o[
 ]wo-ne , a-pe-o[
inf. mut.",Knossos
1150," po-ru-da-si-jo , / a2-ke-te-re 2[",Knossos
1151,"sup. mut.
 ta-mo-[u-wo-qe-ne / u-du-ru-wo '4 o 6' we-re-we / ku-pa-sa 4 o 6we-re-we , / (ka)-ta-ra-pi 4 o 6a-ke-to-ro / to-ni (2) o 10 [ [ ] ]
[ [ 40 o (3)3 ] ]",Knossos
1152, we-we-ro 1e-u-ru-qo-ta 1na-e-si-jo 1da-te-wa 1te-ra-pe-te 1inf. mut.,Knossos
1153," to-ko-so-ta , a-te-u-ke 1",Knossos
1154,"sup. mut.
 ](te)-[ ]-ta (6)[
 ]83 ru-ki-to 1(57)
 ]55 ti-ri-to 45
 ](so) 34 pu2-te-re / wa-si-ro 18
] 10 ra-pte-re 20[",Knossos
1155, ]-su-pa-ta 1 ,Knossos
1156, ]-no,Knossos
1157,"wo-de-wi-jo
vacat
to-pe-za , o-u-ki-te-mi
vacata-pe-ti-ra2 / o-u-te-mi
o-u-te-mi
o-u-te-mi
o-u-te-mi
e-pi , i-ku-wo-i-pi",Knossos
1158,"sup. mut.a-pi-re-we (6)[
 da-mi-ni-jo[
](po)-mi-jo [
 ](to)-so (3)[
inf. mut.",Knossos
1159,"sup. mut.
 ]jo / mo-ni-(ko) 3
 ] 3 [
 ]wi-to 10 o[
inf. mut.",Knossos
1160," ]qa-ra-jo 1[
 ] ku-ka-so (1)[
 ]ja-pa-ra-(ro)[
 ]vacat[",Knossos
1161," ]e-ra-jo , [
] pu-da-so[
 vacat",Knossos
1162," ](1) qa-ra-i-so 1 si-ra-no 1
 ](1) i-ra-ko-to 1 wa-na-ta-jo 1
 ] 1
 ] vacat",Knossos
1163," du-pu2-ra-zo 1 qe-ro 1 su-ko 1 di-zo 1
pu-ri 1 wi-da-ma-(ro) 1 o-ro-qa 1 wa-je 1
da-i-ra 1 e-[ . . ] 1 [
 vacat ",Knossos
1164,"pe-ri-ro-qo [
da-*83-jo 1 e-(ri)[ ]1 (da)[
 o-du 1 te-ja-(ro) 1 [
 vacat [",Knossos
1165," e-u-ko-ro 1 [
 qe-ra-jo 1 a-mi-nwa[
 nu-to 1 mi-ru-ro 1 [
] vacat [
 ]me-to / (ko)-wo 2 // wo[",Knossos
1166," ]na-ko-to 1
 ](sa)-de-so 1",Knossos
1167," ]dwo-jo 1 pa-ki[
 ]na-po 1 ru-ki[
 ] vacat [",Knossos
1168," a-nu-mo 1 ta-za-ro 1 wa-[
 *47-ti-jo 1 ja-ma-ra 1 pa-ja[
 po-mi-ni-jo 1 wa-du-na 1 [
 vacat [",Knossos
1169," ]no-mo 1 tu-ti 1[
 ]ki-ti-jo 1 [
 ] ja-pa-ra-ro 1 [",Knossos
1170," do-ti-jo , 'a-['*49-sa-ro 1 / po-ti[
 ra-ku 1 ku-ka-ro[
 ra-te-me 1 *56-[",Knossos
1171," e-(re)-dwo-e[ ]vacat[ ]i-[ // ]sa-ma-ru[pe-ri-to-wo / da-wo (1) // ne-o[ ] 1 ja-ma-ta-ro[ta-de-so / ja-(po) 1 [ ](po) 1 pe-to-me[]-ko-to / pa-(ro) a-[ ](1)[ ] to-so[
 ] vacat [",Knossos
1172," e-re-pa-to / ka-ra-ma-to 46
ka-so , ke-ma-ta 8",Knossos
1173,".A '](ti)-ro' , wa-wi 1 a-mu-ta-wo-(qe)[
.B da-*22-ti-ja / [",Knossos
1174," ]ra-(to) 1 e-ke-a 1 e-mi-ja-ta 1
]ka-mu-ko-to 1 ke-ra-ja 1
 ]-pu 1 we-ka-di-jo 1 ma-ke-ra 1
 ]de-ro 1 ma-ti-ko 1 a-ti-ka 1
 ]-we-u 1 qa-da-ro 1 ka-sa-no 1
 ]wo 1 to-ro-ki-no 1 [ [(to)[ ] ] ]
 ]-no-re 1 wi-ri-ki-no 1 [
 ](ko)-no-si-jo 1 do-ti-jo-no[
 ] vacat [",Knossos
1175,"](we)
si-ra-pe-te-(so) 1 ka-pu-ro 1
ka-na-po-to 1 pi-ma[
ru-ro 1 (a)[
ta-u-ro 1 [
u-ta-jo , 1 [
ja-sa-ro 1",Knossos
1176,"sup. mut.
 ]1 X(ru)-(ki)-(to) , / a-ke-re-mo-no 1 Xqa-ra / ko-re-te *258 a Xqa-ra / a-ke-re-mo-no 1 Xqa-ra / po-ro-ko-re-te 1 X
vacat",Knossos
1177,".1 ](ni)-ja / wa[ ] // ma-na-je-u[
.2a ] te-(ra)[ ] e-da-(e)[
.2b ]1 te-te-u 1 do-ri-ka-o [
.3a ]a-ka ka-ke-u [
.3b ]ka-ta 1 wi-pi-no-o 1 se-[
.4 ]pu-ra 1 [ ",Knossos
1178," ]wo / wo-ka-re 4[
 ] vacat [",Knossos
1179,".A 'po-ti-ro' , pi-ra-ki-jo 1 pe-ri-jo-ta-qe 1
.B da-*22-ti-ja /",Knossos
1180,".A ] 'po-ti-ro' , [
.B ]ka-di-ti-ja / [",Knossos
1181,".A ']po-ti-ro' , pa-na-re-jo 1 ku-da-jo-qe 1 [
.B ] / [",Knossos
1182,".A 'po-ti-ro' , e-wa-ko-ro 1 pi-ra-(ka)-wo-qe 1
.B ki-ra-di-ja /",Knossos
1183,".A ] 'po-ti-ro' da-i-wo-wo 1 to-no-qe 1
.B ]-(pa)-si-ja /",Knossos
1184,"sup. mut.
 ] , ta-ra-nu , a-nu[
 ]ta-ra-nu , a-nu[
 ]ra-nu qe-[
 ]nu [
inf. mut.",Knossos
1185,"sup. mut.
.1a ] (i)[
.1b ](wo) , a[ ] wa-du-na , [ . . . . ]
.2 ]-to , e[ ] vacat
.3 ]sa-ka-ri-jo , [ ] vacat
.4a i-jo i-jo
.4b ]pi / di-zo , pi-ma-(na)-ro , zo-wi-jo 1 a-tu-qo-te-ra-to (1)[
.5a  i-jo
.5b o-pi / ri-zo , pi-ma-na-ro pi-ro-i-ta 1
.6 (o)-pi / pa-ka , di-wa-jo 1
.7 ](pi) / o-na-se-u 1 ri-[
.8 ](wi)-du 1 ke-[
.9 ]za[
inf. mut.",Knossos
1187,"sup. mut.
 ]qe [
 ]ma-no-ne [
 ] 1 po-da 1 se[
 ] po-da 1 do-(ma)[
 ]ki-si-wo po-(da)[",Knossos
1188,"sup. mut.(a)-(mi)-(ni)-si-ja[
 si-ja-ma 1 [
 pi-ro-(i)[
  vacat [
inf. mut.",Knossos
1189,".A ']po-ti-ro' , (si)-mi-te-u 1 a-ra-ko-qe (1)
.B ](ja) /",Knossos
1190," ]-to-i-(je)[
 ]-ru-ko 1 [
 ]no-du 1 [
](da)-na-(jo) 1 [
 ] vacat [",Knossos
1191," ]me (3)00[
 ](zo) , do-wa 10[",Knossos
1192,"sup. mut.
 ]-(ki)-si[
 ]ka-na-po 1 (jo)[
 ](so) 1 te-[",Knossos
1193," qa-na[
 ka-sa-[",Knossos
1194," ]we-to-ro 3(5)[
 ]3 [",Knossos
1195,"sup. mut.
 ]ja-ro 2[
 ]ro-we 2[
]se-me-ni[",Knossos
1196," ] mi-ru-ro , (1)[
 o-da-ra-o (1) (wa)[
 nu-to (1) [
 vacat [",Knossos
1197," ]-ri-jo (1) qe-ro[
 ](1) ku-ke-(mo)[",Knossos
1198," ]ke-ti-ra-wo , wo-(do) 1",Knossos
1199," ] (3) u-su 4 a-mi-no-(si)-jo [
 ] ta-qa-ra-ti 1 ku-ma-(to)[",Knossos
1200," ]ma-ro 1 o-ru-[
]1 qe-re-ma-o (1)[
 ](1) [",Knossos
1201,"sup. mut.
 ] 1 a[
 ]-jo 1 [
 ] vacat [",Knossos
1202,"sup. mut.
 ] vacat [
 ]me-ja 1
 ]-ja 1
 ] vacat
inf. mut.",Knossos
1203," ]-(ro) 1
 ](1) ri-zo 1
 ] vacat",Knossos
1204,".A po-(ti)[
.B  di-pi-ja / vacat [",Knossos
1205," a-qi-ta[
]ki-ma-to (1)[
 ]e-u-po-ro-wo (1)[
 vacat [",Knossos
1206,".A [
.B a-pa-ta-wa-ja / [",Knossos
1207," ]ra-tu[
inf. mut.",Knossos
1208, ]te-we 1,Knossos
1209," ]po-ti-(ro)[
inf. mut.",Knossos
1210,".A ]pe-re-ta 1 [
.B ] vacat [",Knossos
1211,".A ]-je-u-(qe)[
.B ] vacat [",Knossos
1212,sup. mut.ka-di-ti-ja[,Knossos
1213,".A ]mu-ta-(wo)[
.B inf. mut.",Knossos
1216," ]o-pe-(re)-(ra)[
 ]me-na-qe[
inf. mut.",Knossos
1217, ](pa)-i-(to)[,Knossos
1218,"sup. mut.
 (wa)-[
 me-no[
inf. mut.",Knossos
1219," ](e)-ke-(pi)[
 ] a-ra[",Knossos
1220," ku-ta-ti-(jo)[
inf. mut.",Knossos
1221, da-mi[,Knossos
1222,"sup. mut.
 ]-ja[",Knossos
1223,"sup. mut.
 ]jo-jo[",Knossos
1224, ](ra)-to[,Knossos
1225," ](si)-we OVISm [
 ]ra-ze[",Knossos
1226," ku-do-ni-ja , (ta)[
 vacat [",Knossos
1227, ](a)-mo-ta[,Knossos
1228,"sup. mut.
 ]o-a-pu-[
  tu-na-no [
inf. mut.",Knossos
1229,"sup. mut.
.a ]ki-ri-(jo)[
.b ]ko-so[
inf. mut.",Knossos
1230,"sup. mut.
 ]-jo",Knossos
1231,".a.1 ](a3)-wo-re-u-
.a.2 si
.b do-ke
.c [ . ]-ja-wo-(ne)",Knossos
1232," me-sa-(to)
 ]*146 30
inf. mut.",Knossos
1233," me-sa-to
 (*146)[
inf. mut.",Knossos
1234," me-sa-to
inf. mut.",Knossos
1235," ]me-sa-to
inf. mut.",Knossos
1236,"sup. mut.
 (sa)-(ma)-ja-(so)",Knossos
1237,".a se-(to)-(i)-(ja)
.ba ki-ri-ta-de
.bc te LANA do-ke",Knossos
1238,".a pi-mo-no
.b na-ki-zo
.c pa-wo",Knossos
1239,".a *185 sup. sig.
.b ma-se , wi-(ra2)-[ . ]",Knossos
1240,".a P sup. sig.
.b ta-to-mo
.c o-nu-ke",Knossos
1241,".a JAC sup. sig.
.b o-pa
.c pa-ta-ja",Knossos
1242,o-pa pa-ta-ja *231SAG,Knossos
1243,".a sig.
.b pa-(ta)-ja
.c vacat",Knossos
1244,".a  LANA sup. sig.
.b ne-ki-
.c -ri-de",Knossos
1245,".a TELA3+TE sup. sig.
.b te-pa
.c vacat",Knossos
1246,".a JAC sup. sig.
.b1 pa-ta-ja
.b2 vacat
.c o-pa",Knossos
1247,".a AES *246 sup. sig.
.b ke-ni-qa
.c a-sa-mi-to",Knossos
1248,".a AES*246VAS sup. sig.
.b ke-ni-qa
.c a-sa-mi-to",Knossos
1250,".a sig.
.b o-pa
.c ko-we",Knossos
1251,".a e-po sup. sig.
.b vacat
.c vacat",Knossos
1252,".a sig.
.b ku-wa-ta
.c o-pi a-nu-wi-'ko'",Knossos
1253, ra-to / pa-ta-re[,Knossos
1254, ]o-ka[,Knossos
1255, di-ka[,Knossos
1256, ku-ka-ra-(re)[,Knossos
1257," ](pe)-ka-wo , // ku-ta-to[",Knossos
1258, a-ka-me-ne[,Knossos
1259, a-ka-to[,Knossos
1260, ka-wi[,Knossos
1261, ]ru-po-to[,Knossos
1262," ki-je-u , / a-pi-ja-re[ ",Knossos
1263, di-wi-je-ja / di-wi-ja [,Knossos
1264, ki-si-wi-je-ja / pe-ra2-(wo)[,Knossos
1265, ]-wi-jo,Knossos
1266," ]*47-da , / mi-ko[",Knossos
1267," ]no , / i-ja[ ] // di / i-*65-ke-o , [",Knossos
1268,".a o[
.b ma-ki / pa[",Knossos
1269, a-ku-di-ri-jo [,Knossos
1270, a-ku-di-ri[,Knossos
1271,".a ]o-ke-te , a-e[
.b ] e-ro-e-o [",Knossos
1272," ]-ne-ri-jo , e-[",Knossos
1273," ]ja / qe-re-wa , [",Knossos
1274," da-*22-to , wo-no-da[",Knossos
1275, ]i-ne-u[,Knossos
1276,".1 da-pu-ri-(to)[
.2a pa-ze-qe , ke-wo[
.2b *47-ta-qo[
.3 *47-[
.4 inf. mut.",Knossos
1277, pu-ra-ko[,Knossos
1278, pu-ko-(ro)[,Knossos
1279, i-ke-se [,Knossos
1280,"sup. mut.
 ] vacat [(ku)-[ ]-i-to / a-pi-do-ro[
 ma-u-do[
 i-ja-wo-ne[
inf. mut.",Knossos
1281," ro-a , ku[
  qa-mo[
 vacat[",Knossos
1282,"sup. mut.
 vacat [e-ra [
  tu-ni-ja [
 ri-u-no [
 ]to [
inf. mut. ",Knossos
1283," ra-wa-ke-(si)[
  ma-ke-ra-mo[
qa-ra-su-ti-jo[
 i-da-ra-ta [
 [ . ]-to-ko-ro [
inf. mut.",Knossos
1284,"[ . . ] , a-qi-ra[
 e-u-ru-da-mo [
 ](so)-tu-wo-no [
] vacat [",Knossos
1285," ] , do-ri-wo [",Knossos
1286, ko-no-si-jo [ru-ki-ti-jo [,Knossos
1287, ](ku)-do-ni-jo[,Knossos
1288, a-re-u-ke[,Knossos
1289, ko-ma-ra[,Knossos
1290, a-re-se[,Knossos
1291, wo-no-qi-[,Knossos
1292,".a ]ja , u-ta-no , [
.b ] vacat [",Knossos
1293, du-ni-jo[,Knossos
1294, pa-pa-ro / ra[,Knossos
1295, ma-ti-ri[,Knossos
1296," ](ja) , / na-u-si-ke-re[",Knossos
1297,"ke-re-wa , wo-do [",Knossos
1298,"
 te-u-to-ri-(*65)[",Knossos
1299, ti-ri-jo-qa[,Knossos
1300,"
 qe-re-wa[",Knossos
1301, e-ru-ti-ri-(jo)[,Knossos
1302, ta-ra-i [,Knossos
1303, e-ko-so-wo-ko[,Knossos
1304,"a-qi-ra[",Knossos
1305, ma-se[,Knossos
1306, e-na-i-jo[,Knossos
1307,"]e-ri-ta-ri-jo[",Knossos
1308, ]ra-ke-re-we[,Knossos
1309," ]-(ta) , a-ke[",Knossos
1310,"do-qi[",Knossos
1311,"po-ki[",Knossos
1312," ]pa-no , qa[",Knossos
1313," ](se)-ke-ru-pa-ko-[",Knossos
1314,"e-we-wa[ ",Knossos
1315,"ru-ki-ti-ja[",Knossos
1316,"
]e-pi-ta",Knossos
1317," te-me-u[",Knossos
1318," ]a-pa-te[",Knossos
1319," ]wo-ni-jo[",Knossos
1320," ]a-ri-we-we[",Knossos
1321," a-ta-wo-ne[",Knossos
1322," we-wa[",Knossos
1323," ]no-da-ma[",Knossos
1324, e-ri-ra-(i)[,Knossos
1325, ]pa-*34-so[,Knossos
1326, ](re)-mi-si-jo,Knossos
1327, ra-wo-te[,Knossos
1328, a-pu2-ka[,Knossos
1329,]ja / i-da-wo[,Knossos
1330,"ze-pu[",Knossos
1331,"]mo / ke-to-ri[",Knossos
1332," ]ke-si-jo , ri[",Knossos
1333,"]pe-ra-te-ro[",Knossos
1334, a-ka-mu-[,Knossos
1335, ]je-wa [,Knossos
1336,"sup. mut.
.1 [
.2a (o)-wo-ta[
.2b ki-ni-[
.3 o-ta-(ke)[",Knossos
1337, i-qa-ro [,Knossos
1338,o-ko-te[,Knossos
1339, a-na-pe-we[,Knossos
1340, mo-ro-qa[,Knossos
1341, pi-ri-(ja)[,Knossos
1342, ti-ri-(to)[,Knossos
1343, ]ru-ko-si-[,Knossos
1344, e-na-i[,Knossos
1345, ka-ta-[,Knossos
1346, ku-ru-[,Knossos
1347, ra-wi[,Knossos
1348, a-ko-to [,Knossos
1349, ru-wa[,Knossos
1350, ka-ro-qo [,Knossos
1351, e-ko-[,Knossos
1352, a-re-[ ,Knossos
1353," a-u-ta-na , [",Knossos
1354, di-ki[,Knossos
1355, ]e-u[,Knossos
1356, ke-ku-(ro)[,Knossos
1357, i-to-(ma)[,Knossos
1358, ma-ra [,Knossos
1359, re-wo [,Knossos
1360, wo-tu[,Knossos
1361, po-ta-[,Knossos
1362, a-ti[,Knossos
1363, ]i-se-(re)[,Knossos
1364, a-wa[,Knossos
1365, ki-ri[,Knossos
1366, me-nu-wa[,Knossos
1367,".a ] me[
.b ](pa)-ro , / se[",Knossos
1368,"sup. mut.
 ]to-so-(pa)[
inf. mut.",Knossos
1369,"sup. mut.
 ]-ri [
 ]ja[
inf. mut.",Knossos
1370, ]ri-so-wa[,Knossos
1371," ]o-pi , a-ne[",Knossos
1372, ]wa / na-ni[,Knossos
1373, ]wi-pe-wa (1) [,Knossos
1374, ]du-wo-pe[,Knossos
1375, ](e)-ri-ko-wo [,Knossos
1376, ]-ki-se[,Knossos
1377, ]nu-a[,Knossos
1378," ]-*22-jo , [",Knossos
1379, ]i-jo [,Knossos
1380, ]me-re-ja[,Knossos
1381," ]-ko , ke-ti-ro  [ ] qi",Knossos
1382, ](qi)-ja [,Knossos
1383," ]u-te[
inf. mut.",Knossos
1384, ]ka-ra-na-ta[,Knossos
1385, ]ke-ke-me[,Knossos
1386," ](ke)-wa , pa-[",Knossos
1387, ](wo)-no-da[,Knossos
1388, ]ra-ko-ka[,Knossos
1389, a-me-ja[,Knossos
1390, e-ke[,Knossos
1391, ]ko-no [,Knossos
1392, ]-ne-(u)[,Knossos
1393, ]-na[,Knossos
1394,]e-qe[,Knossos
1395,ke-nu[,Knossos
1396, ]-wo[,Knossos
1397,"sup. mut.
 ] o 8
 ](ta)-ra o 1 ",Knossos
1398, ](wa)-jo 1,Knossos
1399, pa-pa-(ro)[,Knossos
1400," ]no-da 2",Knossos
1401, da-i-[,Knossos
1402, do-ri[,Knossos
1403, ]-ke-[,Knossos
1404,"sup. mut.
 ]ka-de[",Knossos
1405, ]-a-jo (1)[,Knossos
1406, ]-ja-me[,Knossos
1407, si-ra-[,Knossos
1408," ]ta-ta-(ro)[
inf. mut.",Knossos
1409, ]wa-jo [ [(159)] ],Knossos
1410, a-re[,Knossos
1411, e-wa[,Knossos
1412,"sup. mut.
 ]ke-ja , / (ke)[",Knossos
1413, ]pi-ra-[,Knossos
1414, ]ra-jo 1,Knossos
1415,"sup. mut.
 ]-te [
inf. mut.",Knossos
1416," ](to) , wa-te-[",Knossos
1417,"sup. mut.
 ](o)-pi po-po[
 ]o-pi ta-qa-ra-te[",Knossos
1418,"sup. mut.
 ]25 me-ki-(ta)[
 ]2 o-pi i-ta-ja[",Knossos
1419,".a pe-re-ko[
.b da-*22-ti-ja / a-ze-ti-(ri)[",Knossos
1420," a-ze-ti-ri-ja [
 o-no-we-wo-(ro)[",Knossos
1421, ke-ke-me-(na)[,Knossos
1422," o-pi , re-mo[o-pi qo-(u)[",Knossos
1423,".1a o-nu[
.1b o-pi , / pi-mo-no ne-[
.2 vacat [",Knossos
1424," ]-so[
inf. mut.",Knossos
1425,".A ']e-ta-wo-ne' re-po-so [
.B ]we-ke-se 'e-ta-wo-(ne)' [",Knossos
1426,"sup. mut.
 ] do-ti[
 ] du-[
 ] (ka)-(ma)[
inf. mut.",Knossos
1427,"sup. mut.
 mi-ra[
 i-[
inf. mut.",Knossos
1428,"sup. mut.
 ]si-ja[",Knossos
1429," ]-jo 'a-ka-to[' . . ] do-e-ro [
 ] / i-(ta)-no // do-e-ro [ ][[ ]][",Knossos
1430,".1 sup. mut.
.2a ]e-to [
.2b ]jo , do-ti-ja[",Knossos
1431, da-te-we-ja[,Knossos
1432," qi-ja-zo[
inf. mut.",Knossos
1433,"sup. mut.
[ . ]pi-(po)-(ro)[
] e-zo-wo , [",Knossos
1434," ](pi)-a-ze-ra[
 ](1)4 e-ra[
inf. mut.",Knossos
1435," ]ko-no-so[
 ]e-ra[
inf. mut.",Knossos
1436, *56-ri-to[,Knossos
1437," sup. mut.
 ] a-mo-te-re[",Knossos
1438,"[ . ]-ma-ta-ro[
 te-i-ja 'TA 1'E 1 PA (1)[
 ra-qa-ra [",Knossos
1439,".a ](pi)-ri-jo do-ke [
.b ] e-ta-wo-(ne)[",Knossos
1440," ri-jo-ni-(jo)[
 e-ta-(wo)[
inf. mut.",Knossos
1441," ] e-ta[
 ]P (2)[",Knossos
1442," ](ri)-si-ja[
 inf. mut.",Knossos
1443," ]ka-re , 'po-me-no['
 ](1) pe-ki-(ti)[
 ] 1 [",Knossos
1444," ](u)-ko-ro[
 inf. mut.",Knossos
1445," lat. inf.
sup. mut.
]-si[",Knossos
1446, se-to[,Knossos
1447, *22-ja-ro [,Knossos
1448,".a ] e-ri-ko[
.b ]qa-ka-na-pi[",Knossos
1449, si-ja-pu2-[,Knossos
1450, pa-pu[,Knossos
1451, ](ko) / pa-ra-ku[,Knossos
1452," ]pa-i-to , e[",Knossos
1453, ka-ma[,Knossos
1454," o-pi[ / ]-(wa)-ta ,/ (e)[",Knossos
1455," ] o-pe-(re)[
inf. mut.",Knossos
1456," ]-ra-i-ja [
inf. mut.",Knossos
1457," ]na-pu-[
inf. mut.",Knossos
1458," ]su-ra , ka-ta-ro , ku-ri-sa-to , ra-wi[
](ro) , [
] vacat [",Knossos
1459, e-ri-[,Knossos
1460," ]-qe[
inf. mut.",Knossos
1461," ]*22-je-(mi)[
inf. mut.",Knossos
1462, e-me-si-jo-jo [,Knossos
1463, ru-ki-ti-(jo)[,Knossos
1464, sa-me[,Knossos
1465, ]ke-me-no[,Knossos
1466,".A (wi)-ri[
.B ku-ja-ro / qa-ra [",Knossos
1467," ]do-ke , e-u-ro-wa-[
 ] vacat [",Knossos
1468," ku-ta-to , a-pu-do-si[
 ] o-pe-ro [",Knossos
1469,".a ](a)-mi-ni-so-de[
.b ]mu-ki-ti , [",Knossos
1470, ]mu-ti-ja[,Knossos
1471, sup. mut.a-mi-ni-(si)[,Knossos
1472, ]mu-ko,Knossos
1473,]sa / po-ti-ni-ja[,Knossos
1474," ]to-sa / pu-si-ja , a[",Knossos
1475," si-ja-ma-(to)[
 pa-sa-ja[",Knossos
1476," ]zo , / we-we-si-jo-jo , [
 ]ri-si-ja [",Knossos
1477,".a ] a-pu-(do)[
.b ]to [",Knossos
1478, KN X 459    | ]ku-mi-so [,Knossos
1479," ku-pi-ri-jo / ka-ra-[
  vacat [",Knossos
1480," ti-ri[ ] tu-ri-so / pe-do[",Knossos
1481," pa-i-to , / e[",Knossos
1482," ne-wo , za-we[",Knossos
1483,"  ] a-ro-we-a-nu-to",Knossos
1484,".A ka-[
.B se-to-i-ja / (a)[",Knossos
1485," ko-we-ja / pa-i-to[
 a-nu-to-jo , [",Knossos
1486, ]ke-do-ro[,Knossos
1487,".a di-wi-pa-ra [
.b  e-ra / te-wo , e-ra ri-ni-jo [",Knossos
1488, da-da-re-jo-de[,Knossos
1489,".A ] a-ro2[
.B ]sa / a-pu-do-si , me[ ",Knossos
1490,"lat. inf.
] ka-a-na [",Knossos
1491,ko-a / ra-(ja)[,Knossos
1492, to-so / e[,Knossos
1493,".a ] a-[
.b ](mi)-ni-si-ja , / [",Knossos
1494,".A vacat [
.B ma-sa-de / ti-ta-ma-i [",Knossos
1495,"sup. mut.
 ]ra , [
 ]mi-ra , [
 ]a-sa-mi , [
 ](ka)[
 inf. mut.",Knossos
1496," ] , zo-wa , a-ze-to , e[
 inf. mut.",Knossos
1497," e-ka-te-jo , [
 ke-ni-qe-te-[",Knossos
1498,".a [ . .]
.b  wi-tu-ri-jo , / a-mo-te-re [",Knossos
1499," pa-ro , / a-da-ra-ko[",Knossos
1500, ka-ta-no / wa-tu[,Knossos
1501, pu-ko-to [,Knossos
1502,".a ] (si)-ra-si-ja , ti-ta-ma[
.b ]pa-no , / ku-pe-te-jo , ko-ro-ki-no-[",Knossos
1503,".1a da-*83-ja po-pu-re-(jo)[
.1b to-so / wa-na-ka-te-ro [
.2 vacat [",Knossos
1504, tu-ru-pe-te[,Knossos
1505, e-we-ki-ta [,Knossos
1506, e-ru-sa-(mo)[,Knossos
1507," sa-pa-nu-wo[]me-no , / pe-ra2 , (wo)[",Knossos
1508, to-so [,Knossos
1509, ko-ro-we-ja[,Knossos
1510," ]ku-ru-so , po-ro-we[",Knossos
1511," ]ka-pu2-(sa)-jo , / pa-na-so te-re-ta [",Knossos
1512," ](jo) / (da)-mi-ni-jo , [",Knossos
1513,".a te-[
.b ko-no-si-ja , / ra-wa-ke[",Knossos
1514,"]ra-su-to[",Knossos
1515," ki-ri-ko , [",Knossos
1516," ]ru-wo , me-ri-du[",Knossos
1517," to-sa / ka-ro-(qo)[to-sa , / ka-tu-re-(wi)[",Knossos
1518," ]no , / pu-sa-ra[",Knossos
1519,".a ] a-no-qo-ta[
.b ] , da-ma-o-te[",Knossos
1520, ti-ri-ti-ja / ki-ta-no[,Knossos
1521," ]si-jo-jo , te-pa[",Knossos
1522, a-ra-si-jo  / (a)[,Knossos
1523,pa-i-to[,Knossos
1524, ](ta)-u-na-[,Knossos
1525," ]ku-ru-ni-ta / (to)[
 inf. mut. ",Knossos
1526,"sup. mut.
 ]sa-nu-we-si-jo[",Knossos
1527," sup. mut.ku-ta-ti[ da-wo , / ki[",Knossos
1528, pa-i-to[,Knossos
1529," ma-ri-jo , (si)[
 po-ka-[",Knossos
1530,"a-mi-ni-si-jo , (ka)[
 ] vacat [",Knossos
1531,"qa-no-[",Knossos
1532," sup. mut.
pi-za-ra [ra-ni [
 sa-[
 pi-ri-[
 vacat [",Knossos
1533, u-ta[,Knossos
1534,sa-so[,Knossos
1535, (ze)-wa-so  / (pi)-[,Knossos
1536, ]ni-sa-[ ]te-u[,Knossos
1537," o-pi[
 we-a[ ",Knossos
1538, ]te-wi-ja[,Knossos
1539,".A ] u-ta-no , / a-[
.B ] u-ta-no , [",Knossos
1540, ]-si-ja / [,Knossos
1541,".a a-(pi)[
.b se-to-i-ja / o-pi[",Knossos
1542," sup. mut.
](i)-ta[",Knossos
1543,]ru-jo[,Knossos
1544,ma-ti[,Knossos
1545, i-se-we-ri-jo[,Knossos
1546," sup. mut.
]-(pi) , ki-ri[
 ] vacat [",Knossos
1547, ]qa-sa[,Knossos
1548, ]-jo[,Knossos
1549, ]re-u[,Knossos
1550," sup. mut.(o)-pi [
 ] vacat [
inf. mut.",Knossos
1551, ta-pa-[,Knossos
1552, ]to-de[,Knossos
1553, ]ra-to-po-(ro)[,Knossos
1554, ]mi-ni-si[,Knossos
1555," ]*64-jo , [",Knossos
1556," ](si)-jo , [",Knossos
1557," ]te-ja-ro (1)[
 ] vacat [",Knossos
1558, ]-te-re-(wa)[,Knossos
1559, ](sa)-ja / [,Knossos
1560, ](ke) / po-se-da-o-[,Knossos
1561," sup. mut.
.A [
.B ](ta) / da-wo[",Knossos
1562,[ . ]-pi-da-(mo)[,Knossos
1563, ]si-jo [,Knossos
1564," ]ta-na-(du)[
 inf. mut.",Knossos
1565," ]-ru-[
 inf. mut.",Knossos
1567," sup. mut.
 ]a-re[
 inf. mut.",Knossos
1568," qa-ra , a[",Knossos
1569, me-na-wa-te[,Knossos
1570," ](a)-ja-me-na , a[",Knossos
1571, po-ku-te-(ro)[,Knossos
1572, ma-sa[,Knossos
1573, ]pu-do-si[,Knossos
1574, wi-na-jo[,Knossos
1575," ] , di-du-mo[",Knossos
1576, ]-re-wi-[,Knossos
1577," ]te-u , / e-se-[
 ]vacat[
 inf. mut.",Knossos
1578, ]-wo [,Knossos
1579, ]*22-ti-[,Knossos
1580, po-ko-me[,Knossos
1581, ]-so[,Knossos
1582, ]ra-so[,Knossos
1583," ]ti-ta-ma , ma[
] vacat [",Knossos
1584, to-so[,Knossos
1585, ]te-wa-[,Knossos
1586, da-ma[ inf. mut,Knossos
1587,".a ]po-ru-o[
.b [
 inf. mut.",Knossos
1588," ]me-tu / su-ri-jo , mo[",Knossos
1589," sup. mut.
 ](*56)-ko-we[
 ]ko-so[
inf. mut.",Knossos
1590,".a ] ru-ka[ ] vacat [
.b ]do-ro / [ ] 17 [",Knossos
1591, ]5 (ke)-ro[,Knossos
1592," sup. mut.
vacat [
ko-no[
inf. mut.",Knossos
1593, ]ka-po / [,Knossos
1594," to-so , (qa)[",Knossos
1595," sup. mut.
 ]u-jo / (e)[
inf. mut.",Knossos
1596,".A ] vacat [
.B ](to)-i-ja / [",Knossos
1597, ]-so [,Knossos
1598, to-so / i-(ka)[,Knossos
1599, ]-du[,Knossos
1600," sup. mut.
 ]-wo 7[
 inf. mut.",Knossos
1601,".A o-pi[
.B  pa-i-to , / pa[",Knossos
1602," ru-ki-(to)[
 pi-po-to[",Knossos
1603," ]-ka-to , [
  vacat [",Knossos
1604," sup. mut.
[ . ]-(pa)-jo[",Knossos
1605, ku-do-ni-(ja)[,Knossos
1606," da-*22-to , / (*65)[",Knossos
1607, pa-i-ti-(ja)[,Knossos
1608,".A a[ ](70)[
.B  a-re-ta2 / (pu)-(na)-(so)[",Knossos
1609, ki-do-ro [,Knossos
1610, ka-ne-u-ta[,Knossos
1611, u-ta-ni-jo [,Knossos
1612,".a [
.b ]su-ki-ri[",Knossos
1613," ko-no-so , / (ta)[",Knossos
1614, ma-(ze)-to-[,Knossos
1615, a-pi-ja-(re)[,Knossos
1616, ]e-ki-si-(jo)[,Knossos
1617, qo-pa-ra-[,Knossos
1618," o-ki[
 inf. mut.",Knossos
1619, e-wa-[,Knossos
1620, su-ko[,Knossos
1621,to-sa[,Knossos
1622, de-a[,Knossos
1623, o-pe[,Knossos
1624, ]ka-ni-(to)[,Knossos
1625," da-wo , [",Knossos
1626, te-ra2[,Knossos
1627, a-mo[,Knossos
1628, qa-ta2[,Knossos
1629," sup. mut.
] wo-no[
 desunt
qo-[
 e-qe[
 inf. mut.",Knossos
1630, di-ki-mo[,Knossos
1631,to-so / a-(ze)-(to)[,Knossos
1632, pa-i-to[,Knossos
1633," o-ka-ra , [",Knossos
1634, ru-ki-to[,Knossos
1635," tu-ni-ja , [",Knossos
1636,".a ] qa[
.b ]a-wi-je-mo , [",Knossos
1637, ku-do[,Knossos
1638, me-ti-[ . ]-ta[,Knossos
1639," ku-ko-wi-ra , [
 vacat [",Knossos
1640, a-pa-[,Knossos
1641, ku-do[,Knossos
1642, tu-ma-i[,Knossos
1643, ] ru-da-to [,Knossos
1644,".A e-me-[
.B ru-wa-ni-jo , / da-wo ,[",Knossos
1645, ]to-wo / ti-ri-to[,Knossos
1646, ]-we-ja / ko[,Knossos
1647,".a ] [ [(a)-] [ ] ][
.b ]re-ki-si , / a[",Knossos
1648, ]ko-wa (3)[,Knossos
1649, ]sa / ne-wa[,Knossos
1650," sup. mut.
]me-te (1)[
 inf. mut.",Knossos
1651," sup. mut.
 ]ko-ro [",Knossos
1652," ](sa)-to , [ ]qo-i-(na)[",Knossos
1653," sup. mut.
 ](a)-ze-ti-ri-ja[",Knossos
1654,".a ]de , da-*22-to-qe [
.b ](re)-ta ri-no [",Knossos
1655,"[ . ]-ka-to (si)[
 pu-ta-ta [",Knossos
1656," ]-no-no , si-(ra)[
inf. mut.",Knossos
1657," ]-to-[
 ]vacat[
 inf. mut.",Knossos
1658," tu-ri[
 ]ni-ja [
 inf. mut.",Knossos
1659,".a ] ko[
.b ] ta-qa-ra[",Knossos
1660, ]ki-ti-(sa)[,Knossos
1661,".A [
.B ]ra-ti-jo , [",Knossos
1662," sup. mut.
 ]ta-de-(so)[",Knossos
1663," ](ro) , / da-ra-ko , we-we-si-jo-jo [",Knossos
1664, ] / da-ra-ko[,Knossos
1665, ]ki-ti-se-[,Knossos
1666,".a ][ [ . . ] ] [
.b ]pa-ta-re[",Knossos
1667, ]e-sa-re-(wi)[,Knossos
1668, ]de / ku-pa[,Knossos
1669, si-ta-ro [,Knossos
1670, ]re-u [,Knossos
1671, ] / ma-sa [,Knossos
1672," sup. mut.
 ]me-no [",Knossos
1673, su-ri-(mo)[,Knossos
1674, ra-ki-si[,Knossos
1675," ] , u-a[",Knossos
1676, ]ta-pa-no[,Knossos
1677," sup. mut.
 ]ki-si[",Knossos
1678, to-ro-[,Knossos
1679, ](qa)-ra[,Knossos
1680, ]-je-mo[,Knossos
1681, ]te-jo [,Knossos
1682," sup. mut.
 ]-ta / me-[",Knossos
1683," sup. mut.
 ](re)-pa-te-jo-(pi)[",Knossos
1684," ]-ru , [",Knossos
1685," sup. mut.
 ]do-si [",Knossos
1686, ]-si-(jo)[,Knossos
1687," qa-[
 ] sa-ma[
 vacat [",Knossos
1688,".a ]-(wo)-a [
.b ]*161 , to-te[",Knossos
1689," ]si-ni-ja , me-[
 ](7) [
inf. mut.",Knossos
1690," ]pi-ra2-mo[
 ]ra-su-to[",Knossos
1691," sup. mut.
 ]re-ne[",Knossos
1692," sup. mut.
 ] qa-ra2-(ri)[
] (qa)-(ra2)-(ri)[
 inf. mut. ",Knossos
1693,"
 sup. mut.
 ]-na[
 ] vacat [
 inf. mut.",Knossos
1694,]-ku-[,Knossos
1695, ](za) / o-pe-ro[,Knossos
1696,ku-ta-i-si-[,Knossos
1697,](ta)-ti-jo[,Knossos
1698,".a [
.b ]ku-ta-ti-jo [",Knossos
1699,] re-si-jo[,Knossos
1700,]-ke-ta[,Knossos
1701,"ka-ri-pi-jo , [",Knossos
1702,]ta-wo[,Knossos
1703,]*18-jo[,Knossos
1704," ]te-we[
 inf. mut.",Knossos
1705," sup. mut.
 ]-ja-no-(ri)[",Knossos
1706, ]na-to [,Knossos
1707,"]ma-ro , [",Knossos
1708, di-ka-ta-(de)[,Knossos
1709,]si-pe-[,Knossos
1710,]de-sa-(to)[,Knossos
1711,sup. mut. ]-se[,Knossos
1712,]re-wa [,Knossos
1713," sup. mut.
[
 ]-ja , da-mo-(ko)[
 inf. mut.",Knossos
1714," ] vacat
 ]ja-mi-[
 inf. mut.",Knossos
1715,]ku-we-jo [,Knossos
1716, ] e-re-pa-te-o[,Knossos
1717,"] , / pa-sa [",Knossos
1718," sup. mut.
 ](ke)-[
 ]e-we-o-(si)[",Knossos
1719,]-no[,Knossos
1720," sup. mut.
 ](re) , / dwo-jo (1)",Knossos
1721," sup. mut.
 ]-na 1 i-[
 ] ko-wa[ ](ku)-mi-[ . ]-du 1[
  vacat [",Knossos
1722," sup. mut.
 ]so-i-[
 inf. mut.",Knossos
1723," ]-se-wi-jo[
 ]-(ri)-(ne)[
 inf. mut.",Knossos
1724," ]se-te-jo , (me)[
] vacat [",Knossos
1725, we-we-si-jo-jo [,Knossos
1726,]ka-ta2[,Knossos
1727," sup. mut.
 ](ko)-no-[
 inf. mut.",Knossos
1728," ]ku-ku-mo[
 ] vacat [
 inf. mut.",Knossos
1729," ]-si-ja , [
 ](ta)-ra-si-ja[",Knossos
1730,ra-qa-(ra)-to[,Knossos
1731," sup. mut.
 ]-mi-[",Knossos
1732," sup. mut.
.1a ]te-re-u 1 [
.1b ](ru)-si (1) [
 inf. mut.",Knossos
1733,sup. mut. ](pa)-te-o [,Knossos
1734," ]ku-do-ni-ja[
 ]5 [ ",Knossos
1735,"lat. inf.
 ]ja, e-te[",Knossos
1736," ] ko-pu[
 ] X (po)-[
 ] X[",Knossos
1737," sup. mut.
 ] , e-te-wa-o [",Knossos
1738,](tu)-ma[ inf. mut.,Knossos
1739," sup. mut.
.a [
.b ]pi-ra2-(ta)-(je) [",Knossos
1740,](e)-pu2-no[,Knossos
1741,]qa-ra-[,Knossos
1742,](qa)-ta-[ inf. mut.,Knossos
1743,](mi)-ja[,Knossos
1744,".a ]a-ke-o-jo[
.b [
 inf. mut.",Knossos
1745," ](pe)-ro [
 ] (10)[",Knossos
1746,] e-u-ko[,Knossos
1747,sup. mut. ]-i [ inf. mut.,Knossos
1748,sup. mut. ](mi)-ja[,Knossos
1749,sup. mut. ](we)-ja[ inf. mut.,Knossos
1750," ]-jo / pu-so , pi-(ru)[",Knossos
1751,"sup. mut.
 ] / (qe)-(ja)-me-no [
 ] (P) (3)0[
 inf. mut.",Knossos
1752,".A ] vacat [
.B ]-jo , / [",Knossos
1753," ]-na , wo[",Knossos
1754," ]-u[
 inf. mut.",Knossos
1755,sup. mut. ](te)-ru[ inf. mut.,Knossos
1756,]to-so[ inf. mut.,Knossos
1757,".A [
.B ]-(wa)-ja [",Knossos
1758,".a ]we-si-jo-jo [
.b ]-ri-jo [",Knossos
1759,]ko-we[ inf. mut.,Knossos
1760,]-(za)-(ra)-ro[,Knossos
1761,sup. mut. ] / ki-ri-ta-(de) [,Knossos
1762," sup. mut.
 ]ti-ri[
inf. mut. ",Knossos
1763,]-mo-re[,Knossos
1764,]te-ja[,Knossos
1765,".a ](ki)-(ro) [
.b ](wi)-(pi)-jo [
 inf. mut.",Knossos
1766,]a3-ti-nu[,Knossos
1767,sup. mut. ]ri-wa[,Knossos
1768,sup. mut. ]-we-ri[ inf. mut.,Knossos
1769,]-we-*19-[,Knossos
1770,]a-mi[ inf. mut.,Knossos
1771,]-dwo[ inf. mut.,Knossos
1772,".a ](a)-te-we-i[
.b ]de[
 inf. mut.",Knossos
1773,sup. mut. ](do)-ti[,Knossos
1774,sup. mut. ]ja / po-ni-(ki)[,Knossos
1775," sup. mut.
ja-[
wi-ja-(mo)[
inf. mut.",Knossos
1776,"sup. mut. ]-ja , [",Knossos
1777,".a ]sa-pa-ka-[
.b ](ti) , / u-ta-no , [",Knossos
1778, sup. mut. ]-(jo) / pa-i-[,Knossos
1779,sup. mut. ]-pe-qe-[,Knossos
1780," ] / pe-ri-to-wo , (do)-e[",Knossos
1781,]-ri-ko[,Knossos
1782,](ra)-su-(to)[ inf. mut.,Knossos
1783, ](na)-so[ inf. mut.,Knossos
1784," ]-to , [ inf. mut.",Knossos
1785,]di-jo[,Knossos
1786,sup. mut. ](ni)-ja[,Knossos
1787,sup. mut. ]-si[,Knossos
1788,a-du[,Knossos
1789," sup. mut.
 ] , a-pu-ki-[
]vacat[
 inf. mut.",Knossos
1790," da-wo , [",Knossos
1791,sup. mut. ](e)-(u)-no[ inf. mut.,Knossos
1792," sup. mut. ](ni)-jo , [",Knossos
1793,"]ne-ja , [ inf. mut.",Knossos
1794, ](se)-to-i-(jo)[,Knossos
1795,]ra-ri-jo[,Knossos
1796,] ra-wo-(qo)-(no)[ inf. mut.,Knossos
1797," sup. mut.
 ]-ta2-(mo)[
 ] vacat [
 inf. mut.",Knossos
1798,]pi-ra-(ki)[,Knossos
1799,  tu-ni-(jo)[,Knossos
1800, ](di)-de-ro / [,Knossos
1801," sup. mut.
.A ] sa-ma[
.B ]-jo / (ko)-ma-(we)[",Knossos
1802,]jo-jo[ inf. mut.,Knossos
1803,]ma-ja-(to)[ inf. mut.,Knossos
1804,sup. mut. ](ni)-ja[,Knossos
1805,sup. mut. ]ko-wa[,Knossos
1806,sup. mut. ]-wi[,Knossos
1807,sup. mut. ](ko)-wo (1)[ inf. mut.,Knossos
1808,]-so [,Knossos
1809,]we-we-si-jo[ inf. mut.,Knossos
1810,".a ]-(ja)[
.b ](si)-jo / (e)-ma-a2[",Knossos
1811,".a ]we-ke , (1)[
.b ]pe-ma [",Knossos
1812,sup. mut. ] a-mu-[,Knossos
1813, a-wa[,Knossos
1814,da-*22-ti[,Knossos
1815," ]-jo-(jo) ,[
 ] vacat [
 inf. mut.",Knossos
1816,](a3)-ki-(no)[,Knossos
1817,](we)-ja[ inf. mut.,Knossos
1818,]ko-ma-we-to[ inf. mut.,Knossos
1819,]-ni-ja[ inf. mut.,Knossos
1820,"sup. mut. ] , ku-na-(je)[",Knossos
1821, ]e-re-pa-(te)[,Knossos
1822,sup. mut. ](wo)-qo-jo [ inf. mut.,Knossos
1823,sup. mut. ]-mi[ inf. mut.,Knossos
1824,](to)-ro-qa[ inf. mut.,Knossos
1825,".a ]a-pu-do[
.b ]ni-ki[",Knossos
1826,]-ni-(ja)[,Knossos
1827,sup. mut. ]to-so[ inf. mut.,Knossos
1828, sup. mut. ]-we (DI)+(PTE)[,Knossos
1829,sup. mut. ](a3)-ze [,Knossos
1830, ]-we[ inf. mut.,Knossos
1831, ](da)-mo[,Knossos
1832, KN X 9847   | (do)-ti[ inf. mut.,Knossos
1833," sup. mut.
]ja-ko-[
inf. mut.",Knossos
1834," ]-jo [
 ] (1) [
 ](jo)[
 inf. mut.",Knossos
1835,sup. mut. ]-ko-ro [,Knossos
1836,sup. mut. ](me)-si[ inf. mut.,Knossos
1837,sup. mut. ]-qo-[ inf. mut.,Knossos
1838,]-ro[,Knossos
1839,sup. mut. ]*56-ko-(we)[,Knossos
1840," ](wi)-na-(jo)[
 inf. mut.",Knossos
,,Knossos
